product_id,price
99a4788cb24856965c36a24e339b6058,74.0
99a4788cb24856965c36a24e339b6058,79.9
99a4788cb24856965c36a24e339b6058,89.9
99a4788cb24856965c36a24e339b6058,89.9
99a4788cb24856965c36a24e339b6058,89.9
99a4788cb24856965c36a24e339b6058,89.9
99a4788cb24856965c36a24e339b6058,79.9
99a4788cb24856965c36a24e339b6058,89.9
99a4788cb24856965c36a24e339b6058,89.9
99a4788cb24856965c36a24e339b6058,89.9
99a4788cb24856965c36a24e339b6058,86.0
99a4788cb24856965c36a24e339b6058,89.9
99a4788cb24856965c36a24e339b6058,89.9
99a4788cb24856965c36a24e339b6058,89.9
99a4788cb24856965c36a24e339b6058,79.9
99a4788cb24856965c36a24e339b6058,89.9
99a4788cb24856965c36a24e339b6058,89.9
99a4788cb24856965c36a24e339b6058,74.0
99a4788cb24856965c36a24e339b6058,89.9
99a4788cb24856965c36a24e339b6058,89.9
99a4788cb24856965c36a24e339b6058,89.9
99a4788cb24856965c36a24e339b6058,86.9
99a4788cb24856965c36a24e339b6058,89.9
99a4788cb24856965c36a24e339b6058,89.9
99a4788cb24856965c36a24e339b6058,84.0
99a4788cb24856965c36a24e339b6058,89.9
99a4788cb24856965c36a24e339b6058,89.9
99a4788cb24856965c36a24e339b6058,89.9
99a4788cb24856965c36a24e339b6058,86.9
99a4788cb24856965c36a24e339b6058,79.9
99a4788cb24856965c36a24e339b6058,89.9
99a4788cb24856965c36a24e339b6058,79.9
99a4788cb24856965c36a24e339b6058,86.9
99a4788cb24856965c36a24e339b6058,89.9
99a4788cb24856965c36a24e339b6058,89.9
99a4788cb24856965c36a24e339b6058,89.9
99a4788cb24856965c36a24e339b6058,89.9
99a4788cb24856965c36a24e339b6058,89.9
99a4788cb24856965c36a24e339b6058,89.9
99a4788cb24856965c36a24e339b6058,89.9
99a4788cb24856965c36a24e339b6058,89.9
99a4788cb24856965c36a24e339b6058,79.9
99a4788cb24856965c36a24e339b6058,86.9
99a4788cb24856965c36a24e339b6058,89.9
99a4788cb24856965c36a24e339b6058,89.9
99a4788cb24856965c36a24e339b6058,89.9
99a4788cb24856965c36a24e339b6058,89.9
99a4788cb24856965c36a24e339b6058,89.9
99a4788cb24856965c36a24e339b6058,74.0
99a4788cb24856965c36a24e339b6058,86.9
99a4788cb24856965c36a24e339b6058,89.9
99a4788cb24856965c36a24e339b6058,89.9
99a4788cb24856965c36a24e339b6058,89.9
99a4788cb24856965c36a24e339b6058,89.9
99a4788cb24856965c36a24e339b6058,89.9
99a4788cb24856965c36a24e339b6058,86.9
99a4788cb24856965c36a24e339b6058,79.9
99a4788cb24856965c36a24e339b6058,79.9
99a4788cb24856965c36a24e339b6058,79.9
99a4788cb24856965c36a24e339b6058,89.9
99a4788cb24856965c36a24e339b6058,89.9
99a4788cb24856965c36a24e339b6058,89.9
99a4788cb24856965c36a24e339b6058,86.9
99a4788cb24856965c36a24e339b6058,89.9
99a4788cb24856965c36a24e339b6058,86.9
99a4788cb24856965c36a24e339b6058,89.9
99a4788cb24856965c36a24e339b6058,89.9
99a4788cb24856965c36a24e339b6058,89.9
99a4788cb24856965c36a24e339b6058,89.9
99a4788cb24856965c36a24e339b6058,89.9
99a4788cb24856965c36a24e339b6058,89.9
99a4788cb24856965c36a24e339b6058,89.9
99a4788cb24856965c36a24e339b6058,89.9
99a4788cb24856965c36a24e339b6058,89.9
99a4788cb24856965c36a24e339b6058,89.9
99a4788cb24856965c36a24e339b6058,89.9
99a4788cb24856965c36a24e339b6058,89.9
99a4788cb24856965c36a24e339b6058,86.9
99a4788cb24856965c36a24e339b6058,89.9
99a4788cb24856965c36a24e339b6058,89.9
99a4788cb24856965c36a24e339b6058,89.9
99a4788cb24856965c36a24e339b6058,89.9
99a4788cb24856965c36a24e339b6058,89.9
99a4788cb24856965c36a24e339b6058,89.9
99a4788cb24856965c36a24e339b6058,89.9
99a4788cb24856965c36a24e339b6058,89.9
99a4788cb24856965c36a24e339b6058,86.9
99a4788cb24856965c36a24e339b6058,89.9
99a4788cb24856965c36a24e339b6058,86.9
99a4788cb24856965c36a24e339b6058,86.9
99a4788cb24856965c36a24e339b6058,89.9
99a4788cb24856965c36a24e339b6058,74.0
99a4788cb24856965c36a24e339b6058,79.9
99a4788cb24856965c36a24e339b6058,89.9
99a4788cb24856965c36a24e339b6058,89.9
99a4788cb24856965c36a24e339b6058,79.9
99a4788cb24856965c36a24e339b6058,86.9
99a4788cb24856965c36a24e339b6058,86.9
99a4788cb24856965c36a24e339b6058,74.0
99a4788cb24856965c36a24e339b6058,89.9
99a4788cb24856965c36a24e339b6058,89.9
99a4788cb24856965c36a24e339b6058,89.9
99a4788cb24856965c36a24e339b6058,89.9
99a4788cb24856965c36a24e339b6058,89.9
99a4788cb24856965c36a24e339b6058,89.9
99a4788cb24856965c36a24e339b6058,84.0
99a4788cb24856965c36a24e339b6058,89.9
99a4788cb24856965c36a24e339b6058,89.9
99a4788cb24856965c36a24e339b6058,86.9
99a4788cb24856965c36a24e339b6058,89.9
99a4788cb24856965c36a24e339b6058,79.9
99a4788cb24856965c36a24e339b6058,79.9
99a4788cb24856965c36a24e339b6058,84.0
99a4788cb24856965c36a24e339b6058,89.9
99a4788cb24856965c36a24e339b6058,89.9
99a4788cb24856965c36a24e339b6058,89.9
99a4788cb24856965c36a24e339b6058,89.9
99a4788cb24856965c36a24e339b6058,89.9
99a4788cb24856965c36a24e339b6058,89.9
99a4788cb24856965c36a24e339b6058,89.9
99a4788cb24856965c36a24e339b6058,89.9
99a4788cb24856965c36a24e339b6058,89.9
99a4788cb24856965c36a24e339b6058,86.9
99a4788cb24856965c36a24e339b6058,89.9
99a4788cb24856965c36a24e339b6058,79.9
99a4788cb24856965c36a24e339b6058,89.9
99a4788cb24856965c36a24e339b6058,89.9
99a4788cb24856965c36a24e339b6058,89.9
99a4788cb24856965c36a24e339b6058,86.9
99a4788cb24856965c36a24e339b6058,89.9
99a4788cb24856965c36a24e339b6058,86.9
99a4788cb24856965c36a24e339b6058,89.9
99a4788cb24856965c36a24e339b6058,89.9
99a4788cb24856965c36a24e339b6058,89.9
99a4788cb24856965c36a24e339b6058,89.9
99a4788cb24856965c36a24e339b6058,89.9
99a4788cb24856965c36a24e339b6058,89.9
99a4788cb24856965c36a24e339b6058,89.9
99a4788cb24856965c36a24e339b6058,89.9
99a4788cb24856965c36a24e339b6058,86.9
99a4788cb24856965c36a24e339b6058,86.9
99a4788cb24856965c36a24e339b6058,89.9
99a4788cb24856965c36a24e339b6058,84.0
99a4788cb24856965c36a24e339b6058,86.9
99a4788cb24856965c36a24e339b6058,89.9
99a4788cb24856965c36a24e339b6058,89.9
99a4788cb24856965c36a24e339b6058,89.9
99a4788cb24856965c36a24e339b6058,89.9
99a4788cb24856965c36a24e339b6058,89.9
99a4788cb24856965c36a24e339b6058,89.9
99a4788cb24856965c36a24e339b6058,79.9
99a4788cb24856965c36a24e339b6058,89.9
99a4788cb24856965c36a24e339b6058,89.9
99a4788cb24856965c36a24e339b6058,89.9
99a4788cb24856965c36a24e339b6058,86.9
99a4788cb24856965c36a24e339b6058,89.9
99a4788cb24856965c36a24e339b6058,74.0
99a4788cb24856965c36a24e339b6058,74.0
99a4788cb24856965c36a24e339b6058,86.9
99a4788cb24856965c36a24e339b6058,89.9
99a4788cb24856965c36a24e339b6058,86.9
99a4788cb24856965c36a24e339b6058,74.0
99a4788cb24856965c36a24e339b6058,89.9
99a4788cb24856965c36a24e339b6058,86.9
99a4788cb24856965c36a24e339b6058,89.9
99a4788cb24856965c36a24e339b6058,89.9
99a4788cb24856965c36a24e339b6058,89.9
99a4788cb24856965c36a24e339b6058,89.9
99a4788cb24856965c36a24e339b6058,86.9
99a4788cb24856965c36a24e339b6058,84.0
99a4788cb24856965c36a24e339b6058,89.9
99a4788cb24856965c36a24e339b6058,86.9
99a4788cb24856965c36a24e339b6058,89.9
99a4788cb24856965c36a24e339b6058,89.9
99a4788cb24856965c36a24e339b6058,89.9
99a4788cb24856965c36a24e339b6058,89.9
99a4788cb24856965c36a24e339b6058,89.9
99a4788cb24856965c36a24e339b6058,89.9
99a4788cb24856965c36a24e339b6058,89.9
99a4788cb24856965c36a24e339b6058,89.9
99a4788cb24856965c36a24e339b6058,86.9
99a4788cb24856965c36a24e339b6058,84.0
99a4788cb24856965c36a24e339b6058,89.9
99a4788cb24856965c36a24e339b6058,79.9
99a4788cb24856965c36a24e339b6058,79.9
99a4788cb24856965c36a24e339b6058,79.9
99a4788cb24856965c36a24e339b6058,79.9
99a4788cb24856965c36a24e339b6058,86.9
99a4788cb24856965c36a24e339b6058,84.0
99a4788cb24856965c36a24e339b6058,86.9
99a4788cb24856965c36a24e339b6058,89.9
99a4788cb24856965c36a24e339b6058,89.9
99a4788cb24856965c36a24e339b6058,89.9
99a4788cb24856965c36a24e339b6058,89.9
99a4788cb24856965c36a24e339b6058,89.9
99a4788cb24856965c36a24e339b6058,89.9
99a4788cb24856965c36a24e339b6058,89.9
99a4788cb24856965c36a24e339b6058,89.9
99a4788cb24856965c36a24e339b6058,89.9
99a4788cb24856965c36a24e339b6058,89.9
99a4788cb24856965c36a24e339b6058,89.9
99a4788cb24856965c36a24e339b6058,89.9
99a4788cb24856965c36a24e339b6058,89.9
99a4788cb24856965c36a24e339b6058,89.9
99a4788cb24856965c36a24e339b6058,86.9
99a4788cb24856965c36a24e339b6058,89.9
99a4788cb24856965c36a24e339b6058,86.9
99a4788cb24856965c36a24e339b6058,89.9
99a4788cb24856965c36a24e339b6058,89.9
99a4788cb24856965c36a24e339b6058,89.9
99a4788cb24856965c36a24e339b6058,89.9
99a4788cb24856965c36a24e339b6058,89.9
99a4788cb24856965c36a24e339b6058,89.9
99a4788cb24856965c36a24e339b6058,86.9
99a4788cb24856965c36a24e339b6058,89.9
99a4788cb24856965c36a24e339b6058,89.9
99a4788cb24856965c36a24e339b6058,89.9
99a4788cb24856965c36a24e339b6058,89.9
99a4788cb24856965c36a24e339b6058,89.9
99a4788cb24856965c36a24e339b6058,89.9
99a4788cb24856965c36a24e339b6058,84.0
99a4788cb24856965c36a24e339b6058,89.9
99a4788cb24856965c36a24e339b6058,89.9
99a4788cb24856965c36a24e339b6058,89.9
99a4788cb24856965c36a24e339b6058,89.9
99a4788cb24856965c36a24e339b6058,89.9
99a4788cb24856965c36a24e339b6058,89.9
99a4788cb24856965c36a24e339b6058,89.9
99a4788cb24856965c36a24e339b6058,86.9
99a4788cb24856965c36a24e339b6058,83.79
99a4788cb24856965c36a24e339b6058,89.9
99a4788cb24856965c36a24e339b6058,89.9
99a4788cb24856965c36a24e339b6058,89.9
99a4788cb24856965c36a24e339b6058,89.9
99a4788cb24856965c36a24e339b6058,89.9
99a4788cb24856965c36a24e339b6058,89.9
99a4788cb24856965c36a24e339b6058,74.0
99a4788cb24856965c36a24e339b6058,89.9
99a4788cb24856965c36a24e339b6058,89.9
99a4788cb24856965c36a24e339b6058,89.9
99a4788cb24856965c36a24e339b6058,89.9
99a4788cb24856965c36a24e339b6058,79.9
99a4788cb24856965c36a24e339b6058,89.9
99a4788cb24856965c36a24e339b6058,84.0
99a4788cb24856965c36a24e339b6058,89.9
99a4788cb24856965c36a24e339b6058,89.9
99a4788cb24856965c36a24e339b6058,89.9
99a4788cb24856965c36a24e339b6058,89.9
99a4788cb24856965c36a24e339b6058,89.9
99a4788cb24856965c36a24e339b6058,89.9
99a4788cb24856965c36a24e339b6058,84.0
99a4788cb24856965c36a24e339b6058,79.9
99a4788cb24856965c36a24e339b6058,86.9
99a4788cb24856965c36a24e339b6058,79.9
99a4788cb24856965c36a24e339b6058,89.9
99a4788cb24856965c36a24e339b6058,86.9
99a4788cb24856965c36a24e339b6058,89.9
99a4788cb24856965c36a24e339b6058,89.9
99a4788cb24856965c36a24e339b6058,89.9
99a4788cb24856965c36a24e339b6058,89.9
99a4788cb24856965c36a24e339b6058,86.9
99a4788cb24856965c36a24e339b6058,89.9
99a4788cb24856965c36a24e339b6058,89.9
99a4788cb24856965c36a24e339b6058,86.9
99a4788cb24856965c36a24e339b6058,86.9
99a4788cb24856965c36a24e339b6058,89.9
99a4788cb24856965c36a24e339b6058,89.9
99a4788cb24856965c36a24e339b6058,89.9
99a4788cb24856965c36a24e339b6058,89.9
99a4788cb24856965c36a24e339b6058,89.9
99a4788cb24856965c36a24e339b6058,89.9
99a4788cb24856965c36a24e339b6058,86.9
99a4788cb24856965c36a24e339b6058,89.9
99a4788cb24856965c36a24e339b6058,89.9
99a4788cb24856965c36a24e339b6058,86.9
99a4788cb24856965c36a24e339b6058,89.9
99a4788cb24856965c36a24e339b6058,86.9
99a4788cb24856965c36a24e339b6058,89.9
99a4788cb24856965c36a24e339b6058,89.9
99a4788cb24856965c36a24e339b6058,89.9
99a4788cb24856965c36a24e339b6058,89.9
99a4788cb24856965c36a24e339b6058,86.9
99a4788cb24856965c36a24e339b6058,89.9
99a4788cb24856965c36a24e339b6058,79.9
99a4788cb24856965c36a24e339b6058,89.9
99a4788cb24856965c36a24e339b6058,89.9
99a4788cb24856965c36a24e339b6058,89.9
99a4788cb24856965c36a24e339b6058,79.9
99a4788cb24856965c36a24e339b6058,86.9
99a4788cb24856965c36a24e339b6058,89.9
99a4788cb24856965c36a24e339b6058,86.9
99a4788cb24856965c36a24e339b6058,89.9
99a4788cb24856965c36a24e339b6058,84.0
99a4788cb24856965c36a24e339b6058,89.9
99a4788cb24856965c36a24e339b6058,89.9
99a4788cb24856965c36a24e339b6058,89.9
99a4788cb24856965c36a24e339b6058,89.9
99a4788cb24856965c36a24e339b6058,89.9
99a4788cb24856965c36a24e339b6058,89.9
99a4788cb24856965c36a24e339b6058,89.9
99a4788cb24856965c36a24e339b6058,89.9
99a4788cb24856965c36a24e339b6058,89.9
99a4788cb24856965c36a24e339b6058,89.9
99a4788cb24856965c36a24e339b6058,89.9
99a4788cb24856965c36a24e339b6058,86.9
99a4788cb24856965c36a24e339b6058,89.9
99a4788cb24856965c36a24e339b6058,89.9
99a4788cb24856965c36a24e339b6058,89.9
99a4788cb24856965c36a24e339b6058,89.9
99a4788cb24856965c36a24e339b6058,89.9
99a4788cb24856965c36a24e339b6058,89.9
99a4788cb24856965c36a24e339b6058,89.9
99a4788cb24856965c36a24e339b6058,89.9
99a4788cb24856965c36a24e339b6058,89.9
99a4788cb24856965c36a24e339b6058,89.9
99a4788cb24856965c36a24e339b6058,79.9
99a4788cb24856965c36a24e339b6058,89.9
99a4788cb24856965c36a24e339b6058,89.9
99a4788cb24856965c36a24e339b6058,86.9
99a4788cb24856965c36a24e339b6058,89.9
99a4788cb24856965c36a24e339b6058,89.9
99a4788cb24856965c36a24e339b6058,86.9
99a4788cb24856965c36a24e339b6058,89.9
99a4788cb24856965c36a24e339b6058,86.9
99a4788cb24856965c36a24e339b6058,89.9
99a4788cb24856965c36a24e339b6058,89.9
99a4788cb24856965c36a24e339b6058,89.9
99a4788cb24856965c36a24e339b6058,89.9
99a4788cb24856965c36a24e339b6058,89.9
99a4788cb24856965c36a24e339b6058,89.9
99a4788cb24856965c36a24e339b6058,89.9
99a4788cb24856965c36a24e339b6058,89.9
99a4788cb24856965c36a24e339b6058,79.9
99a4788cb24856965c36a24e339b6058,89.9
99a4788cb24856965c36a24e339b6058,89.9
99a4788cb24856965c36a24e339b6058,86.9
99a4788cb24856965c36a24e339b6058,89.9
99a4788cb24856965c36a24e339b6058,89.9
99a4788cb24856965c36a24e339b6058,86.9
99a4788cb24856965c36a24e339b6058,89.9
99a4788cb24856965c36a24e339b6058,89.9
99a4788cb24856965c36a24e339b6058,89.9
99a4788cb24856965c36a24e339b6058,86.9
99a4788cb24856965c36a24e339b6058,89.9
99a4788cb24856965c36a24e339b6058,86.9
99a4788cb24856965c36a24e339b6058,89.9
99a4788cb24856965c36a24e339b6058,89.9
99a4788cb24856965c36a24e339b6058,89.9
99a4788cb24856965c36a24e339b6058,89.9
99a4788cb24856965c36a24e339b6058,89.9
99a4788cb24856965c36a24e339b6058,89.9
99a4788cb24856965c36a24e339b6058,89.9
99a4788cb24856965c36a24e339b6058,89.9
99a4788cb24856965c36a24e339b6058,89.9
99a4788cb24856965c36a24e339b6058,79.9
99a4788cb24856965c36a24e339b6058,89.9
99a4788cb24856965c36a24e339b6058,89.9
99a4788cb24856965c36a24e339b6058,89.9
99a4788cb24856965c36a24e339b6058,89.9
99a4788cb24856965c36a24e339b6058,89.9
99a4788cb24856965c36a24e339b6058,89.9
99a4788cb24856965c36a24e339b6058,86.9
99a4788cb24856965c36a24e339b6058,89.9
99a4788cb24856965c36a24e339b6058,89.9
99a4788cb24856965c36a24e339b6058,86.9
99a4788cb24856965c36a24e339b6058,89.9
99a4788cb24856965c36a24e339b6058,86.9
99a4788cb24856965c36a24e339b6058,89.9
99a4788cb24856965c36a24e339b6058,89.9
99a4788cb24856965c36a24e339b6058,89.9
99a4788cb24856965c36a24e339b6058,89.9
99a4788cb24856965c36a24e339b6058,89.9
99a4788cb24856965c36a24e339b6058,89.9
99a4788cb24856965c36a24e339b6058,86.9
99a4788cb24856965c36a24e339b6058,79.9
99a4788cb24856965c36a24e339b6058,89.9
99a4788cb24856965c36a24e339b6058,86.9
99a4788cb24856965c36a24e339b6058,89.9
99a4788cb24856965c36a24e339b6058,89.9
99a4788cb24856965c36a24e339b6058,89.9
99a4788cb24856965c36a24e339b6058,89.9
99a4788cb24856965c36a24e339b6058,89.9
99a4788cb24856965c36a24e339b6058,89.9
99a4788cb24856965c36a24e339b6058,89.9
99a4788cb24856965c36a24e339b6058,89.9
99a4788cb24856965c36a24e339b6058,89.9
99a4788cb24856965c36a24e339b6058,89.9
99a4788cb24856965c36a24e339b6058,89.9
99a4788cb24856965c36a24e339b6058,89.9
99a4788cb24856965c36a24e339b6058,86.9
99a4788cb24856965c36a24e339b6058,86.9
99a4788cb24856965c36a24e339b6058,89.9
99a4788cb24856965c36a24e339b6058,89.9
99a4788cb24856965c36a24e339b6058,89.9
99a4788cb24856965c36a24e339b6058,89.9
99a4788cb24856965c36a24e339b6058,89.9
99a4788cb24856965c36a24e339b6058,89.9
99a4788cb24856965c36a24e339b6058,89.9
99a4788cb24856965c36a24e339b6058,89.9
99a4788cb24856965c36a24e339b6058,89.9
99a4788cb24856965c36a24e339b6058,89.9
99a4788cb24856965c36a24e339b6058,89.9
99a4788cb24856965c36a24e339b6058,89.9
99a4788cb24856965c36a24e339b6058,89.9
99a4788cb24856965c36a24e339b6058,89.9
99a4788cb24856965c36a24e339b6058,89.9
99a4788cb24856965c36a24e339b6058,89.9
99a4788cb24856965c36a24e339b6058,79.9
99a4788cb24856965c36a24e339b6058,89.9
99a4788cb24856965c36a24e339b6058,89.9
99a4788cb24856965c36a24e339b6058,86.9
99a4788cb24856965c36a24e339b6058,89.9
99a4788cb24856965c36a24e339b6058,89.9
99a4788cb24856965c36a24e339b6058,83.79
99a4788cb24856965c36a24e339b6058,89.9
99a4788cb24856965c36a24e339b6058,89.9
99a4788cb24856965c36a24e339b6058,83.79
99a4788cb24856965c36a24e339b6058,89.9
99a4788cb24856965c36a24e339b6058,89.9
99a4788cb24856965c36a24e339b6058,79.9
99a4788cb24856965c36a24e339b6058,79.9
99a4788cb24856965c36a24e339b6058,89.9
99a4788cb24856965c36a24e339b6058,79.9
99a4788cb24856965c36a24e339b6058,89.9
99a4788cb24856965c36a24e339b6058,84.0
99a4788cb24856965c36a24e339b6058,89.9
99a4788cb24856965c36a24e339b6058,89.9
99a4788cb24856965c36a24e339b6058,83.79
99a4788cb24856965c36a24e339b6058,89.9
99a4788cb24856965c36a24e339b6058,89.9
99a4788cb24856965c36a24e339b6058,86.9
99a4788cb24856965c36a24e339b6058,89.9
99a4788cb24856965c36a24e339b6058,89.9
99a4788cb24856965c36a24e339b6058,84.0
99a4788cb24856965c36a24e339b6058,89.9
99a4788cb24856965c36a24e339b6058,84.0
99a4788cb24856965c36a24e339b6058,86.9
99a4788cb24856965c36a24e339b6058,79.9
99a4788cb24856965c36a24e339b6058,86.9
99a4788cb24856965c36a24e339b6058,89.9
99a4788cb24856965c36a24e339b6058,84.0
99a4788cb24856965c36a24e339b6058,89.9
99a4788cb24856965c36a24e339b6058,89.9
99a4788cb24856965c36a24e339b6058,89.9
99a4788cb24856965c36a24e339b6058,74.0
99a4788cb24856965c36a24e339b6058,89.9
99a4788cb24856965c36a24e339b6058,89.9
99a4788cb24856965c36a24e339b6058,89.9
99a4788cb24856965c36a24e339b6058,89.9
99a4788cb24856965c36a24e339b6058,89.9
99a4788cb24856965c36a24e339b6058,79.9
99a4788cb24856965c36a24e339b6058,89.9
99a4788cb24856965c36a24e339b6058,86.9
99a4788cb24856965c36a24e339b6058,89.9
99a4788cb24856965c36a24e339b6058,86.9
99a4788cb24856965c36a24e339b6058,89.9
99a4788cb24856965c36a24e339b6058,86.9
99a4788cb24856965c36a24e339b6058,89.9
99a4788cb24856965c36a24e339b6058,89.9
99a4788cb24856965c36a24e339b6058,89.9
99a4788cb24856965c36a24e339b6058,89.9
99a4788cb24856965c36a24e339b6058,89.9
99a4788cb24856965c36a24e339b6058,84.0
99a4788cb24856965c36a24e339b6058,89.9
99a4788cb24856965c36a24e339b6058,89.9
99a4788cb24856965c36a24e339b6058,89.9
99a4788cb24856965c36a24e339b6058,89.9
99a4788cb24856965c36a24e339b6058,89.9
99a4788cb24856965c36a24e339b6058,89.9
99a4788cb24856965c36a24e339b6058,89.9
99a4788cb24856965c36a24e339b6058,89.9
99a4788cb24856965c36a24e339b6058,89.9
99a4788cb24856965c36a24e339b6058,86.9
99a4788cb24856965c36a24e339b6058,89.9
99a4788cb24856965c36a24e339b6058,89.9
99a4788cb24856965c36a24e339b6058,89.9
99a4788cb24856965c36a24e339b6058,89.9
99a4788cb24856965c36a24e339b6058,89.9
99a4788cb24856965c36a24e339b6058,89.9
99a4788cb24856965c36a24e339b6058,89.9
99a4788cb24856965c36a24e339b6058,86.9
99a4788cb24856965c36a24e339b6058,89.9
99a4788cb24856965c36a24e339b6058,79.9
99a4788cb24856965c36a24e339b6058,89.9
99a4788cb24856965c36a24e339b6058,89.9
99a4788cb24856965c36a24e339b6058,86.9
99a4788cb24856965c36a24e339b6058,89.9
99a4788cb24856965c36a24e339b6058,86.0
368c6c730842d78016ad823897a372db,49.9
368c6c730842d78016ad823897a372db,49.9
368c6c730842d78016ad823897a372db,59.9
368c6c730842d78016ad823897a372db,49.9
368c6c730842d78016ad823897a372db,59.0
368c6c730842d78016ad823897a372db,53.9
368c6c730842d78016ad823897a372db,53.9
368c6c730842d78016ad823897a372db,53.9
368c6c730842d78016ad823897a372db,53.9
368c6c730842d78016ad823897a372db,49.9
368c6c730842d78016ad823897a372db,49.9
368c6c730842d78016ad823897a372db,59.9
368c6c730842d78016ad823897a372db,59.9
368c6c730842d78016ad823897a372db,49.0
368c6c730842d78016ad823897a372db,49.0
368c6c730842d78016ad823897a372db,49.0
368c6c730842d78016ad823897a372db,53.9
368c6c730842d78016ad823897a372db,53.9
368c6c730842d78016ad823897a372db,53.9
368c6c730842d78016ad823897a372db,59.9
368c6c730842d78016ad823897a372db,59.9
368c6c730842d78016ad823897a372db,59.0
368c6c730842d78016ad823897a372db,49.9
368c6c730842d78016ad823897a372db,49.9
368c6c730842d78016ad823897a372db,59.9
368c6c730842d78016ad823897a372db,59.9
368c6c730842d78016ad823897a372db,49.9
368c6c730842d78016ad823897a372db,59.9
368c6c730842d78016ad823897a372db,49.9
368c6c730842d78016ad823897a372db,53.9
368c6c730842d78016ad823897a372db,59.9
368c6c730842d78016ad823897a372db,49.9
368c6c730842d78016ad823897a372db,59.9
368c6c730842d78016ad823897a372db,49.9
368c6c730842d78016ad823897a372db,49.9
368c6c730842d78016ad823897a372db,49.9
368c6c730842d78016ad823897a372db,53.9
368c6c730842d78016ad823897a372db,59.9
368c6c730842d78016ad823897a372db,59.9
368c6c730842d78016ad823897a372db,49.9
368c6c730842d78016ad823897a372db,49.9
368c6c730842d78016ad823897a372db,59.9
368c6c730842d78016ad823897a372db,59.9
368c6c730842d78016ad823897a372db,59.9
368c6c730842d78016ad823897a372db,49.9
368c6c730842d78016ad823897a372db,49.0
368c6c730842d78016ad823897a372db,49.9
368c6c730842d78016ad823897a372db,49.9
368c6c730842d78016ad823897a372db,49.9
368c6c730842d78016ad823897a372db,49.9
368c6c730842d78016ad823897a372db,49.9
368c6c730842d78016ad823897a372db,49.0
368c6c730842d78016ad823897a372db,49.9
368c6c730842d78016ad823897a372db,49.9
368c6c730842d78016ad823897a372db,59.9
368c6c730842d78016ad823897a372db,59.0
368c6c730842d78016ad823897a372db,59.0
368c6c730842d78016ad823897a372db,49.9
368c6c730842d78016ad823897a372db,53.9
368c6c730842d78016ad823897a372db,53.9
368c6c730842d78016ad823897a372db,53.9
368c6c730842d78016ad823897a372db,49.9
368c6c730842d78016ad823897a372db,53.9
368c6c730842d78016ad823897a372db,53.9
368c6c730842d78016ad823897a372db,59.9
368c6c730842d78016ad823897a372db,49.0
368c6c730842d78016ad823897a372db,49.0
368c6c730842d78016ad823897a372db,59.9
368c6c730842d78016ad823897a372db,49.9
368c6c730842d78016ad823897a372db,59.0
368c6c730842d78016ad823897a372db,49.9
368c6c730842d78016ad823897a372db,59.9
368c6c730842d78016ad823897a372db,49.9
368c6c730842d78016ad823897a372db,59.9
368c6c730842d78016ad823897a372db,49.9
368c6c730842d78016ad823897a372db,59.9
368c6c730842d78016ad823897a372db,49.9
368c6c730842d78016ad823897a372db,53.9
368c6c730842d78016ad823897a372db,53.9
368c6c730842d78016ad823897a372db,59.9
368c6c730842d78016ad823897a372db,49.0
368c6c730842d78016ad823897a372db,49.0
368c6c730842d78016ad823897a372db,49.0
368c6c730842d78016ad823897a372db,53.9
368c6c730842d78016ad823897a372db,59.9
368c6c730842d78016ad823897a372db,59.9
368c6c730842d78016ad823897a372db,49.0
368c6c730842d78016ad823897a372db,59.0
368c6c730842d78016ad823897a372db,59.0
368c6c730842d78016ad823897a372db,59.0
368c6c730842d78016ad823897a372db,59.0
368c6c730842d78016ad823897a372db,59.0
368c6c730842d78016ad823897a372db,59.9
368c6c730842d78016ad823897a372db,49.0
368c6c730842d78016ad823897a372db,59.9
368c6c730842d78016ad823897a372db,49.9
368c6c730842d78016ad823897a372db,49.9
368c6c730842d78016ad823897a372db,53.9
368c6c730842d78016ad823897a372db,53.9
368c6c730842d78016ad823897a372db,53.9
368c6c730842d78016ad823897a372db,49.9
368c6c730842d78016ad823897a372db,49.9
368c6c730842d78016ad823897a372db,53.9
368c6c730842d78016ad823897a372db,49.9
368c6c730842d78016ad823897a372db,49.9
368c6c730842d78016ad823897a372db,59.9
368c6c730842d78016ad823897a372db,59.9
368c6c730842d78016ad823897a372db,49.9
368c6c730842d78016ad823897a372db,53.9
368c6c730842d78016ad823897a372db,59.9
368c6c730842d78016ad823897a372db,59.9
368c6c730842d78016ad823897a372db,59.9
368c6c730842d78016ad823897a372db,59.9
368c6c730842d78016ad823897a372db,49.9
368c6c730842d78016ad823897a372db,49.9
368c6c730842d78016ad823897a372db,53.9
368c6c730842d78016ad823897a372db,49.9
368c6c730842d78016ad823897a372db,49.9
368c6c730842d78016ad823897a372db,53.9
368c6c730842d78016ad823897a372db,53.9
368c6c730842d78016ad823897a372db,53.9
368c6c730842d78016ad823897a372db,53.9
368c6c730842d78016ad823897a372db,59.0
368c6c730842d78016ad823897a372db,59.0
368c6c730842d78016ad823897a372db,59.0
368c6c730842d78016ad823897a372db,59.9
368c6c730842d78016ad823897a372db,53.9
368c6c730842d78016ad823897a372db,49.9
368c6c730842d78016ad823897a372db,49.0
368c6c730842d78016ad823897a372db,59.9
368c6c730842d78016ad823897a372db,59.9
368c6c730842d78016ad823897a372db,53.9
368c6c730842d78016ad823897a372db,53.9
368c6c730842d78016ad823897a372db,53.9
368c6c730842d78016ad823897a372db,53.9
368c6c730842d78016ad823897a372db,49.0
368c6c730842d78016ad823897a372db,59.9
368c6c730842d78016ad823897a372db,59.0
368c6c730842d78016ad823897a372db,53.9
368c6c730842d78016ad823897a372db,49.9
368c6c730842d78016ad823897a372db,49.9
368c6c730842d78016ad823897a372db,59.9
368c6c730842d78016ad823897a372db,53.9
368c6c730842d78016ad823897a372db,49.9
368c6c730842d78016ad823897a372db,59.9
368c6c730842d78016ad823897a372db,49.9
368c6c730842d78016ad823897a372db,59.9
368c6c730842d78016ad823897a372db,59.9
368c6c730842d78016ad823897a372db,49.9
368c6c730842d78016ad823897a372db,59.9
368c6c730842d78016ad823897a372db,49.0
368c6c730842d78016ad823897a372db,59.9
368c6c730842d78016ad823897a372db,49.9
368c6c730842d78016ad823897a372db,53.9
368c6c730842d78016ad823897a372db,59.9
368c6c730842d78016ad823897a372db,49.9
368c6c730842d78016ad823897a372db,49.9
368c6c730842d78016ad823897a372db,59.0
368c6c730842d78016ad823897a372db,49.9
368c6c730842d78016ad823897a372db,49.9
368c6c730842d78016ad823897a372db,59.9
368c6c730842d78016ad823897a372db,53.9
368c6c730842d78016ad823897a372db,49.0
368c6c730842d78016ad823897a372db,49.0
368c6c730842d78016ad823897a372db,49.0
368c6c730842d78016ad823897a372db,49.9
368c6c730842d78016ad823897a372db,59.9
368c6c730842d78016ad823897a372db,49.9
368c6c730842d78016ad823897a372db,59.9
368c6c730842d78016ad823897a372db,59.9
368c6c730842d78016ad823897a372db,53.9
368c6c730842d78016ad823897a372db,59.9
368c6c730842d78016ad823897a372db,49.9
368c6c730842d78016ad823897a372db,49.9
368c6c730842d78016ad823897a372db,49.9
368c6c730842d78016ad823897a372db,49.9
368c6c730842d78016ad823897a372db,49.9
368c6c730842d78016ad823897a372db,49.9
368c6c730842d78016ad823897a372db,49.9
368c6c730842d78016ad823897a372db,49.9
368c6c730842d78016ad823897a372db,49.9
368c6c730842d78016ad823897a372db,49.9
368c6c730842d78016ad823897a372db,49.9
368c6c730842d78016ad823897a372db,49.0
368c6c730842d78016ad823897a372db,59.0
368c6c730842d78016ad823897a372db,49.0
368c6c730842d78016ad823897a372db,59.0
368c6c730842d78016ad823897a372db,59.9
368c6c730842d78016ad823897a372db,59.9
368c6c730842d78016ad823897a372db,59.9
368c6c730842d78016ad823897a372db,59.9
368c6c730842d78016ad823897a372db,49.9
368c6c730842d78016ad823897a372db,49.9
368c6c730842d78016ad823897a372db,49.9
368c6c730842d78016ad823897a372db,59.9
368c6c730842d78016ad823897a372db,49.9
368c6c730842d78016ad823897a372db,53.9
368c6c730842d78016ad823897a372db,53.9
368c6c730842d78016ad823897a372db,53.9
368c6c730842d78016ad823897a372db,49.9
368c6c730842d78016ad823897a372db,53.9
368c6c730842d78016ad823897a372db,59.9
368c6c730842d78016ad823897a372db,49.0
368c6c730842d78016ad823897a372db,49.9
368c6c730842d78016ad823897a372db,49.9
368c6c730842d78016ad823897a372db,49.9
368c6c730842d78016ad823897a372db,49.0
368c6c730842d78016ad823897a372db,59.9
368c6c730842d78016ad823897a372db,59.9
368c6c730842d78016ad823897a372db,49.9
368c6c730842d78016ad823897a372db,49.9
368c6c730842d78016ad823897a372db,49.9
368c6c730842d78016ad823897a372db,49.9
368c6c730842d78016ad823897a372db,49.9
368c6c730842d78016ad823897a372db,49.9
368c6c730842d78016ad823897a372db,53.9
368c6c730842d78016ad823897a372db,53.9
368c6c730842d78016ad823897a372db,53.9
368c6c730842d78016ad823897a372db,49.0
368c6c730842d78016ad823897a372db,59.9
368c6c730842d78016ad823897a372db,49.0
368c6c730842d78016ad823897a372db,59.0
368c6c730842d78016ad823897a372db,59.0
368c6c730842d78016ad823897a372db,59.9
368c6c730842d78016ad823897a372db,59.9
368c6c730842d78016ad823897a372db,49.9
368c6c730842d78016ad823897a372db,49.9
368c6c730842d78016ad823897a372db,49.9
368c6c730842d78016ad823897a372db,53.9
368c6c730842d78016ad823897a372db,59.9
368c6c730842d78016ad823897a372db,59.9
368c6c730842d78016ad823897a372db,59.0
368c6c730842d78016ad823897a372db,59.0
368c6c730842d78016ad823897a372db,53.9
368c6c730842d78016ad823897a372db,49.9
368c6c730842d78016ad823897a372db,59.0
368c6c730842d78016ad823897a372db,59.0
368c6c730842d78016ad823897a372db,59.9
368c6c730842d78016ad823897a372db,59.9
368c6c730842d78016ad823897a372db,59.9
368c6c730842d78016ad823897a372db,49.9
368c6c730842d78016ad823897a372db,49.0
368c6c730842d78016ad823897a372db,49.9
368c6c730842d78016ad823897a372db,49.9
368c6c730842d78016ad823897a372db,59.0
368c6c730842d78016ad823897a372db,59.9
368c6c730842d78016ad823897a372db,49.9
368c6c730842d78016ad823897a372db,59.9
368c6c730842d78016ad823897a372db,59.9
368c6c730842d78016ad823897a372db,59.9
368c6c730842d78016ad823897a372db,49.9
368c6c730842d78016ad823897a372db,59.0
368c6c730842d78016ad823897a372db,59.0
368c6c730842d78016ad823897a372db,59.0
368c6c730842d78016ad823897a372db,59.0
368c6c730842d78016ad823897a372db,59.9
368c6c730842d78016ad823897a372db,59.9
368c6c730842d78016ad823897a372db,49.9
368c6c730842d78016ad823897a372db,53.9
368c6c730842d78016ad823897a372db,53.9
368c6c730842d78016ad823897a372db,49.9
368c6c730842d78016ad823897a372db,59.9
368c6c730842d78016ad823897a372db,59.9
368c6c730842d78016ad823897a372db,49.9
368c6c730842d78016ad823897a372db,49.9
368c6c730842d78016ad823897a372db,49.0
368c6c730842d78016ad823897a372db,53.9
368c6c730842d78016ad823897a372db,49.9
368c6c730842d78016ad823897a372db,49.9
368c6c730842d78016ad823897a372db,53.9
368c6c730842d78016ad823897a372db,59.0
368c6c730842d78016ad823897a372db,59.9
368c6c730842d78016ad823897a372db,59.9
368c6c730842d78016ad823897a372db,59.9
368c6c730842d78016ad823897a372db,59.9
368c6c730842d78016ad823897a372db,53.9
368c6c730842d78016ad823897a372db,59.9
368c6c730842d78016ad823897a372db,59.9
368c6c730842d78016ad823897a372db,59.9
368c6c730842d78016ad823897a372db,53.9
368c6c730842d78016ad823897a372db,53.9
368c6c730842d78016ad823897a372db,59.9
368c6c730842d78016ad823897a372db,59.9
368c6c730842d78016ad823897a372db,49.9
368c6c730842d78016ad823897a372db,49.9
368c6c730842d78016ad823897a372db,59.9
368c6c730842d78016ad823897a372db,59.9
368c6c730842d78016ad823897a372db,49.9
368c6c730842d78016ad823897a372db,49.0
368c6c730842d78016ad823897a372db,53.9
368c6c730842d78016ad823897a372db,53.9
368c6c730842d78016ad823897a372db,49.9
368c6c730842d78016ad823897a372db,49.9
368c6c730842d78016ad823897a372db,49.0
368c6c730842d78016ad823897a372db,49.0
368c6c730842d78016ad823897a372db,49.0
368c6c730842d78016ad823897a372db,49.9
368c6c730842d78016ad823897a372db,59.9
368c6c730842d78016ad823897a372db,59.9
368c6c730842d78016ad823897a372db,53.9
368c6c730842d78016ad823897a372db,49.9
368c6c730842d78016ad823897a372db,59.0
368c6c730842d78016ad823897a372db,59.0
368c6c730842d78016ad823897a372db,59.0
368c6c730842d78016ad823897a372db,49.0
368c6c730842d78016ad823897a372db,59.9
368c6c730842d78016ad823897a372db,49.0
368c6c730842d78016ad823897a372db,59.9
368c6c730842d78016ad823897a372db,53.9
368c6c730842d78016ad823897a372db,59.9
368c6c730842d78016ad823897a372db,53.9
368c6c730842d78016ad823897a372db,59.9
368c6c730842d78016ad823897a372db,49.9
368c6c730842d78016ad823897a372db,49.9
368c6c730842d78016ad823897a372db,53.9
368c6c730842d78016ad823897a372db,49.0
368c6c730842d78016ad823897a372db,49.0
368c6c730842d78016ad823897a372db,49.9
368c6c730842d78016ad823897a372db,49.0
368c6c730842d78016ad823897a372db,59.0
368c6c730842d78016ad823897a372db,53.9
368c6c730842d78016ad823897a372db,49.0
368c6c730842d78016ad823897a372db,53.9
368c6c730842d78016ad823897a372db,49.9
368c6c730842d78016ad823897a372db,59.0
368c6c730842d78016ad823897a372db,59.9
368c6c730842d78016ad823897a372db,59.9
368c6c730842d78016ad823897a372db,59.9
368c6c730842d78016ad823897a372db,59.9
368c6c730842d78016ad823897a372db,59.9
368c6c730842d78016ad823897a372db,49.9
368c6c730842d78016ad823897a372db,59.9
368c6c730842d78016ad823897a372db,49.9
368c6c730842d78016ad823897a372db,49.9
368c6c730842d78016ad823897a372db,49.9
368c6c730842d78016ad823897a372db,49.9
368c6c730842d78016ad823897a372db,49.9
368c6c730842d78016ad823897a372db,59.9
368c6c730842d78016ad823897a372db,49.9
368c6c730842d78016ad823897a372db,59.0
368c6c730842d78016ad823897a372db,59.0
368c6c730842d78016ad823897a372db,59.9
368c6c730842d78016ad823897a372db,59.9
368c6c730842d78016ad823897a372db,49.0
368c6c730842d78016ad823897a372db,49.9
368c6c730842d78016ad823897a372db,59.9
368c6c730842d78016ad823897a372db,59.9
368c6c730842d78016ad823897a372db,49.9
368c6c730842d78016ad823897a372db,49.9
368c6c730842d78016ad823897a372db,49.9
368c6c730842d78016ad823897a372db,53.9
368c6c730842d78016ad823897a372db,49.9
368c6c730842d78016ad823897a372db,49.9
368c6c730842d78016ad823897a372db,49.0
368c6c730842d78016ad823897a372db,49.9
368c6c730842d78016ad823897a372db,53.9
368c6c730842d78016ad823897a372db,53.9
368c6c730842d78016ad823897a372db,59.9
368c6c730842d78016ad823897a372db,59.9
368c6c730842d78016ad823897a372db,53.9
368c6c730842d78016ad823897a372db,59.9
368c6c730842d78016ad823897a372db,53.9
368c6c730842d78016ad823897a372db,53.9
368c6c730842d78016ad823897a372db,49.9
368c6c730842d78016ad823897a372db,53.9
368c6c730842d78016ad823897a372db,53.9
368c6c730842d78016ad823897a372db,53.9
368c6c730842d78016ad823897a372db,53.9
368c6c730842d78016ad823897a372db,59.9
368c6c730842d78016ad823897a372db,49.9
368c6c730842d78016ad823897a372db,59.9
368c6c730842d78016ad823897a372db,59.9
368c6c730842d78016ad823897a372db,49.9
368c6c730842d78016ad823897a372db,59.9
368c6c730842d78016ad823897a372db,49.9
368c6c730842d78016ad823897a372db,49.9
368c6c730842d78016ad823897a372db,49.9
368c6c730842d78016ad823897a372db,59.9
368c6c730842d78016ad823897a372db,53.9
368c6c730842d78016ad823897a372db,53.9
368c6c730842d78016ad823897a372db,53.9
368c6c730842d78016ad823897a372db,53.9
368c6c730842d78016ad823897a372db,49.9
368c6c730842d78016ad823897a372db,49.9
368c6c730842d78016ad823897a372db,49.9
368c6c730842d78016ad823897a372db,59.0
368c6c730842d78016ad823897a372db,59.0
368c6c730842d78016ad823897a372db,53.9
389d119b48cf3043d311335e499d9c6b,49.9
389d119b48cf3043d311335e499d9c6b,53.9
389d119b48cf3043d311335e499d9c6b,49.9
389d119b48cf3043d311335e499d9c6b,49.9
389d119b48cf3043d311335e499d9c6b,49.9
389d119b48cf3043d311335e499d9c6b,49.9
389d119b48cf3043d311335e499d9c6b,59.9
389d119b48cf3043d311335e499d9c6b,49.0
389d119b48cf3043d311335e499d9c6b,53.9
389d119b48cf3043d311335e499d9c6b,53.9
389d119b48cf3043d311335e499d9c6b,49.0
389d119b48cf3043d311335e499d9c6b,49.0
389d119b48cf3043d311335e499d9c6b,59.9
389d119b48cf3043d311335e499d9c6b,59.0
389d119b48cf3043d311335e499d9c6b,59.9
389d119b48cf3043d311335e499d9c6b,59.9
389d119b48cf3043d311335e499d9c6b,49.9
389d119b48cf3043d311335e499d9c6b,59.9
389d119b48cf3043d311335e499d9c6b,59.9
389d119b48cf3043d311335e499d9c6b,49.9
389d119b48cf3043d311335e499d9c6b,59.0
389d119b48cf3043d311335e499d9c6b,59.9
389d119b48cf3043d311335e499d9c6b,59.9
389d119b48cf3043d311335e499d9c6b,53.9
389d119b48cf3043d311335e499d9c6b,49.0
389d119b48cf3043d311335e499d9c6b,49.0
389d119b48cf3043d311335e499d9c6b,49.9
389d119b48cf3043d311335e499d9c6b,53.9
389d119b48cf3043d311335e499d9c6b,49.0
389d119b48cf3043d311335e499d9c6b,59.9
389d119b48cf3043d311335e499d9c6b,59.9
389d119b48cf3043d311335e499d9c6b,53.9
389d119b48cf3043d311335e499d9c6b,59.9
389d119b48cf3043d311335e499d9c6b,53.9
389d119b48cf3043d311335e499d9c6b,53.9
389d119b48cf3043d311335e499d9c6b,53.9
389d119b48cf3043d311335e499d9c6b,49.9
389d119b48cf3043d311335e499d9c6b,49.9
389d119b48cf3043d311335e499d9c6b,49.9
389d119b48cf3043d311335e499d9c6b,59.9
389d119b48cf3043d311335e499d9c6b,59.9
389d119b48cf3043d311335e499d9c6b,59.9
389d119b48cf3043d311335e499d9c6b,59.9
389d119b48cf3043d311335e499d9c6b,49.0
389d119b48cf3043d311335e499d9c6b,49.9
389d119b48cf3043d311335e499d9c6b,59.0
389d119b48cf3043d311335e499d9c6b,49.0
389d119b48cf3043d311335e499d9c6b,53.9
389d119b48cf3043d311335e499d9c6b,59.9
389d119b48cf3043d311335e499d9c6b,49.0
389d119b48cf3043d311335e499d9c6b,59.9
389d119b48cf3043d311335e499d9c6b,59.0
389d119b48cf3043d311335e499d9c6b,49.9
389d119b48cf3043d311335e499d9c6b,49.9
389d119b48cf3043d311335e499d9c6b,59.9
389d119b48cf3043d311335e499d9c6b,49.9
389d119b48cf3043d311335e499d9c6b,49.9
389d119b48cf3043d311335e499d9c6b,49.9
389d119b48cf3043d311335e499d9c6b,49.9
389d119b48cf3043d311335e499d9c6b,59.9
389d119b48cf3043d311335e499d9c6b,59.9
389d119b48cf3043d311335e499d9c6b,59.9
389d119b48cf3043d311335e499d9c6b,59.9
389d119b48cf3043d311335e499d9c6b,59.9
389d119b48cf3043d311335e499d9c6b,49.9
389d119b48cf3043d311335e499d9c6b,49.9
389d119b48cf3043d311335e499d9c6b,53.9
389d119b48cf3043d311335e499d9c6b,59.9
389d119b48cf3043d311335e499d9c6b,59.9
389d119b48cf3043d311335e499d9c6b,59.0
389d119b48cf3043d311335e499d9c6b,53.9
389d119b48cf3043d311335e499d9c6b,53.9
389d119b48cf3043d311335e499d9c6b,49.9
389d119b48cf3043d311335e499d9c6b,53.9
389d119b48cf3043d311335e499d9c6b,53.9
389d119b48cf3043d311335e499d9c6b,53.9
389d119b48cf3043d311335e499d9c6b,49.9
389d119b48cf3043d311335e499d9c6b,49.9
389d119b48cf3043d311335e499d9c6b,49.9
389d119b48cf3043d311335e499d9c6b,59.9
389d119b48cf3043d311335e499d9c6b,59.9
389d119b48cf3043d311335e499d9c6b,53.9
389d119b48cf3043d311335e499d9c6b,49.9
389d119b48cf3043d311335e499d9c6b,49.0
389d119b48cf3043d311335e499d9c6b,59.9
389d119b48cf3043d311335e499d9c6b,59.9
389d119b48cf3043d311335e499d9c6b,59.9
389d119b48cf3043d311335e499d9c6b,59.9
389d119b48cf3043d311335e499d9c6b,49.9
389d119b48cf3043d311335e499d9c6b,59.9
389d119b48cf3043d311335e499d9c6b,49.9
389d119b48cf3043d311335e499d9c6b,49.9
389d119b48cf3043d311335e499d9c6b,59.9
389d119b48cf3043d311335e499d9c6b,59.9
389d119b48cf3043d311335e499d9c6b,53.9
389d119b48cf3043d311335e499d9c6b,49.9
389d119b48cf3043d311335e499d9c6b,53.9
389d119b48cf3043d311335e499d9c6b,49.0
389d119b48cf3043d311335e499d9c6b,49.0
389d119b48cf3043d311335e499d9c6b,49.0
389d119b48cf3043d311335e499d9c6b,59.0
389d119b48cf3043d311335e499d9c6b,59.0
389d119b48cf3043d311335e499d9c6b,53.9
389d119b48cf3043d311335e499d9c6b,49.9
389d119b48cf3043d311335e499d9c6b,49.9
389d119b48cf3043d311335e499d9c6b,49.9
389d119b48cf3043d311335e499d9c6b,59.0
389d119b48cf3043d311335e499d9c6b,53.9
389d119b48cf3043d311335e499d9c6b,53.9
389d119b48cf3043d311335e499d9c6b,49.9
389d119b48cf3043d311335e499d9c6b,49.0
389d119b48cf3043d311335e499d9c6b,49.0
389d119b48cf3043d311335e499d9c6b,59.9
389d119b48cf3043d311335e499d9c6b,59.9
389d119b48cf3043d311335e499d9c6b,59.9
389d119b48cf3043d311335e499d9c6b,49.0
389d119b48cf3043d311335e499d9c6b,49.0
389d119b48cf3043d311335e499d9c6b,49.0
389d119b48cf3043d311335e499d9c6b,49.0
389d119b48cf3043d311335e499d9c6b,53.9
389d119b48cf3043d311335e499d9c6b,53.9
389d119b48cf3043d311335e499d9c6b,49.9
389d119b48cf3043d311335e499d9c6b,53.9
389d119b48cf3043d311335e499d9c6b,59.0
389d119b48cf3043d311335e499d9c6b,53.9
389d119b48cf3043d311335e499d9c6b,53.9
389d119b48cf3043d311335e499d9c6b,53.9
389d119b48cf3043d311335e499d9c6b,53.9
389d119b48cf3043d311335e499d9c6b,59.9
389d119b48cf3043d311335e499d9c6b,49.9
389d119b48cf3043d311335e499d9c6b,49.9
389d119b48cf3043d311335e499d9c6b,59.9
389d119b48cf3043d311335e499d9c6b,49.9
389d119b48cf3043d311335e499d9c6b,59.9
389d119b48cf3043d311335e499d9c6b,59.9
389d119b48cf3043d311335e499d9c6b,49.9
389d119b48cf3043d311335e499d9c6b,59.9
389d119b48cf3043d311335e499d9c6b,59.9
389d119b48cf3043d311335e499d9c6b,59.9
389d119b48cf3043d311335e499d9c6b,59.9
389d119b48cf3043d311335e499d9c6b,53.9
389d119b48cf3043d311335e499d9c6b,53.9
389d119b48cf3043d311335e499d9c6b,53.9
389d119b48cf3043d311335e499d9c6b,59.9
389d119b48cf3043d311335e499d9c6b,59.9
389d119b48cf3043d311335e499d9c6b,49.9
389d119b48cf3043d311335e499d9c6b,49.0
389d119b48cf3043d311335e499d9c6b,59.9
389d119b48cf3043d311335e499d9c6b,59.0
389d119b48cf3043d311335e499d9c6b,59.0
389d119b48cf3043d311335e499d9c6b,49.9
389d119b48cf3043d311335e499d9c6b,49.9
389d119b48cf3043d311335e499d9c6b,49.9
389d119b48cf3043d311335e499d9c6b,59.9
389d119b48cf3043d311335e499d9c6b,49.9
389d119b48cf3043d311335e499d9c6b,49.9
389d119b48cf3043d311335e499d9c6b,49.9
389d119b48cf3043d311335e499d9c6b,59.9
389d119b48cf3043d311335e499d9c6b,59.9
389d119b48cf3043d311335e499d9c6b,53.9
389d119b48cf3043d311335e499d9c6b,49.9
389d119b48cf3043d311335e499d9c6b,59.9
389d119b48cf3043d311335e499d9c6b,53.9
389d119b48cf3043d311335e499d9c6b,59.9
389d119b48cf3043d311335e499d9c6b,59.9
389d119b48cf3043d311335e499d9c6b,53.9
389d119b48cf3043d311335e499d9c6b,59.9
389d119b48cf3043d311335e499d9c6b,49.9
389d119b48cf3043d311335e499d9c6b,59.9
389d119b48cf3043d311335e499d9c6b,49.9
389d119b48cf3043d311335e499d9c6b,49.9
389d119b48cf3043d311335e499d9c6b,49.9
389d119b48cf3043d311335e499d9c6b,59.9
389d119b48cf3043d311335e499d9c6b,59.9
389d119b48cf3043d311335e499d9c6b,59.9
389d119b48cf3043d311335e499d9c6b,49.9
389d119b48cf3043d311335e499d9c6b,59.9
389d119b48cf3043d311335e499d9c6b,59.9
389d119b48cf3043d311335e499d9c6b,53.9
389d119b48cf3043d311335e499d9c6b,53.9
389d119b48cf3043d311335e499d9c6b,49.9
389d119b48cf3043d311335e499d9c6b,53.9
389d119b48cf3043d311335e499d9c6b,49.9
389d119b48cf3043d311335e499d9c6b,59.0
389d119b48cf3043d311335e499d9c6b,59.9
389d119b48cf3043d311335e499d9c6b,59.9
389d119b48cf3043d311335e499d9c6b,59.9
389d119b48cf3043d311335e499d9c6b,59.9
389d119b48cf3043d311335e499d9c6b,59.9
389d119b48cf3043d311335e499d9c6b,53.9
389d119b48cf3043d311335e499d9c6b,59.9
389d119b48cf3043d311335e499d9c6b,59.9
389d119b48cf3043d311335e499d9c6b,59.9
389d119b48cf3043d311335e499d9c6b,53.9
389d119b48cf3043d311335e499d9c6b,53.9
389d119b48cf3043d311335e499d9c6b,59.9
389d119b48cf3043d311335e499d9c6b,49.0
389d119b48cf3043d311335e499d9c6b,59.9
389d119b48cf3043d311335e499d9c6b,59.9
389d119b48cf3043d311335e499d9c6b,59.9
389d119b48cf3043d311335e499d9c6b,53.9
389d119b48cf3043d311335e499d9c6b,59.0
389d119b48cf3043d311335e499d9c6b,59.9
389d119b48cf3043d311335e499d9c6b,53.9
389d119b48cf3043d311335e499d9c6b,59.9
389d119b48cf3043d311335e499d9c6b,53.9
389d119b48cf3043d311335e499d9c6b,59.9
389d119b48cf3043d311335e499d9c6b,59.9
389d119b48cf3043d311335e499d9c6b,53.9
389d119b48cf3043d311335e499d9c6b,49.0
389d119b48cf3043d311335e499d9c6b,49.9
389d119b48cf3043d311335e499d9c6b,49.0
389d119b48cf3043d311335e499d9c6b,49.0
389d119b48cf3043d311335e499d9c6b,49.9
389d119b48cf3043d311335e499d9c6b,49.9
389d119b48cf3043d311335e499d9c6b,53.9
389d119b48cf3043d311335e499d9c6b,49.9
389d119b48cf3043d311335e499d9c6b,59.9
389d119b48cf3043d311335e499d9c6b,49.9
389d119b48cf3043d311335e499d9c6b,59.9
389d119b48cf3043d311335e499d9c6b,59.9
389d119b48cf3043d311335e499d9c6b,53.9
389d119b48cf3043d311335e499d9c6b,59.9
389d119b48cf3043d311335e499d9c6b,49.9
389d119b48cf3043d311335e499d9c6b,53.9
389d119b48cf3043d311335e499d9c6b,59.9
389d119b48cf3043d311335e499d9c6b,59.9
389d119b48cf3043d311335e499d9c6b,59.9
389d119b48cf3043d311335e499d9c6b,59.9
389d119b48cf3043d311335e499d9c6b,49.9
389d119b48cf3043d311335e499d9c6b,49.0
389d119b48cf3043d311335e499d9c6b,49.9
389d119b48cf3043d311335e499d9c6b,49.9
389d119b48cf3043d311335e499d9c6b,49.9
389d119b48cf3043d311335e499d9c6b,49.9
389d119b48cf3043d311335e499d9c6b,49.9
389d119b48cf3043d311335e499d9c6b,49.9
389d119b48cf3043d311335e499d9c6b,49.0
389d119b48cf3043d311335e499d9c6b,49.9
389d119b48cf3043d311335e499d9c6b,59.9
389d119b48cf3043d311335e499d9c6b,59.9
389d119b48cf3043d311335e499d9c6b,49.0
389d119b48cf3043d311335e499d9c6b,49.0
389d119b48cf3043d311335e499d9c6b,49.9
389d119b48cf3043d311335e499d9c6b,53.9
389d119b48cf3043d311335e499d9c6b,53.9
389d119b48cf3043d311335e499d9c6b,59.9
389d119b48cf3043d311335e499d9c6b,59.9
389d119b48cf3043d311335e499d9c6b,49.9
389d119b48cf3043d311335e499d9c6b,59.9
389d119b48cf3043d311335e499d9c6b,49.9
389d119b48cf3043d311335e499d9c6b,59.9
389d119b48cf3043d311335e499d9c6b,59.9
389d119b48cf3043d311335e499d9c6b,59.9
389d119b48cf3043d311335e499d9c6b,59.9
389d119b48cf3043d311335e499d9c6b,59.9
389d119b48cf3043d311335e499d9c6b,59.9
389d119b48cf3043d311335e499d9c6b,49.9
389d119b48cf3043d311335e499d9c6b,49.9
389d119b48cf3043d311335e499d9c6b,49.9
389d119b48cf3043d311335e499d9c6b,49.9
389d119b48cf3043d311335e499d9c6b,59.9
389d119b48cf3043d311335e499d9c6b,59.9
389d119b48cf3043d311335e499d9c6b,49.9
389d119b48cf3043d311335e499d9c6b,49.9
389d119b48cf3043d311335e499d9c6b,59.0
389d119b48cf3043d311335e499d9c6b,53.9
389d119b48cf3043d311335e499d9c6b,59.9
389d119b48cf3043d311335e499d9c6b,59.9
389d119b48cf3043d311335e499d9c6b,59.9
389d119b48cf3043d311335e499d9c6b,59.9
389d119b48cf3043d311335e499d9c6b,49.9
389d119b48cf3043d311335e499d9c6b,49.9
389d119b48cf3043d311335e499d9c6b,49.9
389d119b48cf3043d311335e499d9c6b,59.9
389d119b48cf3043d311335e499d9c6b,49.0
389d119b48cf3043d311335e499d9c6b,59.9
389d119b48cf3043d311335e499d9c6b,49.9
389d119b48cf3043d311335e499d9c6b,59.9
389d119b48cf3043d311335e499d9c6b,59.9
389d119b48cf3043d311335e499d9c6b,53.9
389d119b48cf3043d311335e499d9c6b,59.9
389d119b48cf3043d311335e499d9c6b,59.9
389d119b48cf3043d311335e499d9c6b,59.9
389d119b48cf3043d311335e499d9c6b,49.0
389d119b48cf3043d311335e499d9c6b,53.9
389d119b48cf3043d311335e499d9c6b,53.99
389d119b48cf3043d311335e499d9c6b,53.9
389d119b48cf3043d311335e499d9c6b,53.9
389d119b48cf3043d311335e499d9c6b,49.9
389d119b48cf3043d311335e499d9c6b,59.9
389d119b48cf3043d311335e499d9c6b,49.9
389d119b48cf3043d311335e499d9c6b,53.9
389d119b48cf3043d311335e499d9c6b,59.9
389d119b48cf3043d311335e499d9c6b,49.9
389d119b48cf3043d311335e499d9c6b,59.0
389d119b48cf3043d311335e499d9c6b,53.9
389d119b48cf3043d311335e499d9c6b,59.9
389d119b48cf3043d311335e499d9c6b,59.9
389d119b48cf3043d311335e499d9c6b,59.9
389d119b48cf3043d311335e499d9c6b,49.0
389d119b48cf3043d311335e499d9c6b,59.9
389d119b48cf3043d311335e499d9c6b,53.9
389d119b48cf3043d311335e499d9c6b,53.9
389d119b48cf3043d311335e499d9c6b,59.9
389d119b48cf3043d311335e499d9c6b,53.9
389d119b48cf3043d311335e499d9c6b,53.9
389d119b48cf3043d311335e499d9c6b,59.0
389d119b48cf3043d311335e499d9c6b,59.0
389d119b48cf3043d311335e499d9c6b,59.0
389d119b48cf3043d311335e499d9c6b,49.0
389d119b48cf3043d311335e499d9c6b,49.0
389d119b48cf3043d311335e499d9c6b,59.9
389d119b48cf3043d311335e499d9c6b,53.9
389d119b48cf3043d311335e499d9c6b,53.9
389d119b48cf3043d311335e499d9c6b,49.9
389d119b48cf3043d311335e499d9c6b,59.9
389d119b48cf3043d311335e499d9c6b,53.9
389d119b48cf3043d311335e499d9c6b,59.9
389d119b48cf3043d311335e499d9c6b,59.0
389d119b48cf3043d311335e499d9c6b,49.0
389d119b48cf3043d311335e499d9c6b,49.0
389d119b48cf3043d311335e499d9c6b,49.0
389d119b48cf3043d311335e499d9c6b,53.9
389d119b48cf3043d311335e499d9c6b,53.9
389d119b48cf3043d311335e499d9c6b,49.9
389d119b48cf3043d311335e499d9c6b,49.0
389d119b48cf3043d311335e499d9c6b,59.9
389d119b48cf3043d311335e499d9c6b,59.9
389d119b48cf3043d311335e499d9c6b,53.9
389d119b48cf3043d311335e499d9c6b,59.9
389d119b48cf3043d311335e499d9c6b,49.0
389d119b48cf3043d311335e499d9c6b,53.9
389d119b48cf3043d311335e499d9c6b,53.9
389d119b48cf3043d311335e499d9c6b,59.9
389d119b48cf3043d311335e499d9c6b,49.9
389d119b48cf3043d311335e499d9c6b,49.9
389d119b48cf3043d311335e499d9c6b,49.9
389d119b48cf3043d311335e499d9c6b,49.9
389d119b48cf3043d311335e499d9c6b,59.9
389d119b48cf3043d311335e499d9c6b,59.9
389d119b48cf3043d311335e499d9c6b,59.9
389d119b48cf3043d311335e499d9c6b,59.9
389d119b48cf3043d311335e499d9c6b,49.0
389d119b48cf3043d311335e499d9c6b,53.9
389d119b48cf3043d311335e499d9c6b,53.9
389d119b48cf3043d311335e499d9c6b,59.9
389d119b48cf3043d311335e499d9c6b,49.0
389d119b48cf3043d311335e499d9c6b,53.9
389d119b48cf3043d311335e499d9c6b,49.0
389d119b48cf3043d311335e499d9c6b,49.9
389d119b48cf3043d311335e499d9c6b,53.9
389d119b48cf3043d311335e499d9c6b,53.9
389d119b48cf3043d311335e499d9c6b,53.9
389d119b48cf3043d311335e499d9c6b,49.9
389d119b48cf3043d311335e499d9c6b,59.9
389d119b48cf3043d311335e499d9c6b,59.9
389d119b48cf3043d311335e499d9c6b,49.0
389d119b48cf3043d311335e499d9c6b,59.0
389d119b48cf3043d311335e499d9c6b,53.9
389d119b48cf3043d311335e499d9c6b,53.9
389d119b48cf3043d311335e499d9c6b,53.9
389d119b48cf3043d311335e499d9c6b,59.9
389d119b48cf3043d311335e499d9c6b,59.9
389d119b48cf3043d311335e499d9c6b,59.9
389d119b48cf3043d311335e499d9c6b,59.9
389d119b48cf3043d311335e499d9c6b,59.9
389d119b48cf3043d311335e499d9c6b,53.9
389d119b48cf3043d311335e499d9c6b,49.9
389d119b48cf3043d311335e499d9c6b,49.0
389d119b48cf3043d311335e499d9c6b,59.9
389d119b48cf3043d311335e499d9c6b,49.9
389d119b48cf3043d311335e499d9c6b,59.9
389d119b48cf3043d311335e499d9c6b,53.9
389d119b48cf3043d311335e499d9c6b,49.9
389d119b48cf3043d311335e499d9c6b,49.9
389d119b48cf3043d311335e499d9c6b,49.0
389d119b48cf3043d311335e499d9c6b,59.0
389d119b48cf3043d311335e499d9c6b,49.9
389d119b48cf3043d311335e499d9c6b,49.9
389d119b48cf3043d311335e499d9c6b,53.9
389d119b48cf3043d311335e499d9c6b,49.9
389d119b48cf3043d311335e499d9c6b,49.9
389d119b48cf3043d311335e499d9c6b,53.9
389d119b48cf3043d311335e499d9c6b,53.9
389d119b48cf3043d311335e499d9c6b,59.0
389d119b48cf3043d311335e499d9c6b,59.9
389d119b48cf3043d311335e499d9c6b,49.9
389d119b48cf3043d311335e499d9c6b,53.9
389d119b48cf3043d311335e499d9c6b,49.9
389d119b48cf3043d311335e499d9c6b,49.9
389d119b48cf3043d311335e499d9c6b,49.0
aca2eb7d00ea1a7b8ebd4e68314663af,69.9
aca2eb7d00ea1a7b8ebd4e68314663af,75.0
aca2eb7d00ea1a7b8ebd4e68314663af,69.9
aca2eb7d00ea1a7b8ebd4e68314663af,75.0
aca2eb7d00ea1a7b8ebd4e68314663af,75.0
aca2eb7d00ea1a7b8ebd4e68314663af,69.9
aca2eb7d00ea1a7b8ebd4e68314663af,69.9
aca2eb7d00ea1a7b8ebd4e68314663af,69.9
aca2eb7d00ea1a7b8ebd4e68314663af,75.0
aca2eb7d00ea1a7b8ebd4e68314663af,69.9
aca2eb7d00ea1a7b8ebd4e68314663af,69.9
aca2eb7d00ea1a7b8ebd4e68314663af,69.9
aca2eb7d00ea1a7b8ebd4e68314663af,69.9
aca2eb7d00ea1a7b8ebd4e68314663af,75.0
aca2eb7d00ea1a7b8ebd4e68314663af,69.9
aca2eb7d00ea1a7b8ebd4e68314663af,75.0
aca2eb7d00ea1a7b8ebd4e68314663af,69.9
aca2eb7d00ea1a7b8ebd4e68314663af,69.9
aca2eb7d00ea1a7b8ebd4e68314663af,69.9
aca2eb7d00ea1a7b8ebd4e68314663af,69.9
aca2eb7d00ea1a7b8ebd4e68314663af,69.9
aca2eb7d00ea1a7b8ebd4e68314663af,69.9
aca2eb7d00ea1a7b8ebd4e68314663af,69.9
aca2eb7d00ea1a7b8ebd4e68314663af,69.9
aca2eb7d00ea1a7b8ebd4e68314663af,69.9
aca2eb7d00ea1a7b8ebd4e68314663af,69.9
aca2eb7d00ea1a7b8ebd4e68314663af,69.9
aca2eb7d00ea1a7b8ebd4e68314663af,69.9
aca2eb7d00ea1a7b8ebd4e68314663af,69.9
aca2eb7d00ea1a7b8ebd4e68314663af,69.9
aca2eb7d00ea1a7b8ebd4e68314663af,69.9
aca2eb7d00ea1a7b8ebd4e68314663af,69.9
aca2eb7d00ea1a7b8ebd4e68314663af,75.0
aca2eb7d00ea1a7b8ebd4e68314663af,69.9
aca2eb7d00ea1a7b8ebd4e68314663af,69.9
aca2eb7d00ea1a7b8ebd4e68314663af,69.9
aca2eb7d00ea1a7b8ebd4e68314663af,69.9
aca2eb7d00ea1a7b8ebd4e68314663af,69.9
aca2eb7d00ea1a7b8ebd4e68314663af,69.9
aca2eb7d00ea1a7b8ebd4e68314663af,69.9
aca2eb7d00ea1a7b8ebd4e68314663af,69.9
aca2eb7d00ea1a7b8ebd4e68314663af,69.9
aca2eb7d00ea1a7b8ebd4e68314663af,75.0
aca2eb7d00ea1a7b8ebd4e68314663af,69.9
aca2eb7d00ea1a7b8ebd4e68314663af,69.9
aca2eb7d00ea1a7b8ebd4e68314663af,69.9
aca2eb7d00ea1a7b8ebd4e68314663af,69.9
aca2eb7d00ea1a7b8ebd4e68314663af,69.9
aca2eb7d00ea1a7b8ebd4e68314663af,69.9
aca2eb7d00ea1a7b8ebd4e68314663af,75.0
aca2eb7d00ea1a7b8ebd4e68314663af,69.9
aca2eb7d00ea1a7b8ebd4e68314663af,69.9
aca2eb7d00ea1a7b8ebd4e68314663af,69.9
aca2eb7d00ea1a7b8ebd4e68314663af,69.9
aca2eb7d00ea1a7b8ebd4e68314663af,69.9
aca2eb7d00ea1a7b8ebd4e68314663af,75.0
aca2eb7d00ea1a7b8ebd4e68314663af,75.0
aca2eb7d00ea1a7b8ebd4e68314663af,75.0
aca2eb7d00ea1a7b8ebd4e68314663af,69.9
aca2eb7d00ea1a7b8ebd4e68314663af,69.9
aca2eb7d00ea1a7b8ebd4e68314663af,75.0
aca2eb7d00ea1a7b8ebd4e68314663af,75.0
aca2eb7d00ea1a7b8ebd4e68314663af,75.0
aca2eb7d00ea1a7b8ebd4e68314663af,75.0
aca2eb7d00ea1a7b8ebd4e68314663af,75.0
aca2eb7d00ea1a7b8ebd4e68314663af,75.0
aca2eb7d00ea1a7b8ebd4e68314663af,69.9
aca2eb7d00ea1a7b8ebd4e68314663af,69.9
aca2eb7d00ea1a7b8ebd4e68314663af,75.0
aca2eb7d00ea1a7b8ebd4e68314663af,75.0
aca2eb7d00ea1a7b8ebd4e68314663af,69.9
aca2eb7d00ea1a7b8ebd4e68314663af,69.9
aca2eb7d00ea1a7b8ebd4e68314663af,69.9
aca2eb7d00ea1a7b8ebd4e68314663af,69.9
aca2eb7d00ea1a7b8ebd4e68314663af,75.0
aca2eb7d00ea1a7b8ebd4e68314663af,69.9
aca2eb7d00ea1a7b8ebd4e68314663af,75.0
aca2eb7d00ea1a7b8ebd4e68314663af,75.0
aca2eb7d00ea1a7b8ebd4e68314663af,69.9
aca2eb7d00ea1a7b8ebd4e68314663af,69.9
aca2eb7d00ea1a7b8ebd4e68314663af,75.0
aca2eb7d00ea1a7b8ebd4e68314663af,69.9
aca2eb7d00ea1a7b8ebd4e68314663af,69.9
aca2eb7d00ea1a7b8ebd4e68314663af,69.9
aca2eb7d00ea1a7b8ebd4e68314663af,69.9
aca2eb7d00ea1a7b8ebd4e68314663af,69.9
aca2eb7d00ea1a7b8ebd4e68314663af,75.0
aca2eb7d00ea1a7b8ebd4e68314663af,75.0
aca2eb7d00ea1a7b8ebd4e68314663af,75.0
aca2eb7d00ea1a7b8ebd4e68314663af,69.9
aca2eb7d00ea1a7b8ebd4e68314663af,75.0
aca2eb7d00ea1a7b8ebd4e68314663af,75.0
aca2eb7d00ea1a7b8ebd4e68314663af,75.0
aca2eb7d00ea1a7b8ebd4e68314663af,69.9
aca2eb7d00ea1a7b8ebd4e68314663af,75.0
aca2eb7d00ea1a7b8ebd4e68314663af,69.9
aca2eb7d00ea1a7b8ebd4e68314663af,69.9
aca2eb7d00ea1a7b8ebd4e68314663af,69.9
aca2eb7d00ea1a7b8ebd4e68314663af,69.9
aca2eb7d00ea1a7b8ebd4e68314663af,69.9
aca2eb7d00ea1a7b8ebd4e68314663af,69.9
aca2eb7d00ea1a7b8ebd4e68314663af,69.9
aca2eb7d00ea1a7b8ebd4e68314663af,69.9
aca2eb7d00ea1a7b8ebd4e68314663af,69.9
aca2eb7d00ea1a7b8ebd4e68314663af,69.9
aca2eb7d00ea1a7b8ebd4e68314663af,69.9
aca2eb7d00ea1a7b8ebd4e68314663af,69.9
aca2eb7d00ea1a7b8ebd4e68314663af,69.9
aca2eb7d00ea1a7b8ebd4e68314663af,75.0
aca2eb7d00ea1a7b8ebd4e68314663af,75.0
aca2eb7d00ea1a7b8ebd4e68314663af,75.0
aca2eb7d00ea1a7b8ebd4e68314663af,69.9
aca2eb7d00ea1a7b8ebd4e68314663af,69.9
aca2eb7d00ea1a7b8ebd4e68314663af,69.9
aca2eb7d00ea1a7b8ebd4e68314663af,69.9
aca2eb7d00ea1a7b8ebd4e68314663af,69.9
aca2eb7d00ea1a7b8ebd4e68314663af,69.9
aca2eb7d00ea1a7b8ebd4e68314663af,69.9
aca2eb7d00ea1a7b8ebd4e68314663af,69.9
aca2eb7d00ea1a7b8ebd4e68314663af,69.9
aca2eb7d00ea1a7b8ebd4e68314663af,69.9
aca2eb7d00ea1a7b8ebd4e68314663af,69.9
aca2eb7d00ea1a7b8ebd4e68314663af,69.9
aca2eb7d00ea1a7b8ebd4e68314663af,69.9
aca2eb7d00ea1a7b8ebd4e68314663af,75.0
aca2eb7d00ea1a7b8ebd4e68314663af,75.0
aca2eb7d00ea1a7b8ebd4e68314663af,75.0
aca2eb7d00ea1a7b8ebd4e68314663af,75.0
aca2eb7d00ea1a7b8ebd4e68314663af,69.9
aca2eb7d00ea1a7b8ebd4e68314663af,69.9
aca2eb7d00ea1a7b8ebd4e68314663af,75.0
aca2eb7d00ea1a7b8ebd4e68314663af,69.9
aca2eb7d00ea1a7b8ebd4e68314663af,75.0
aca2eb7d00ea1a7b8ebd4e68314663af,69.9
aca2eb7d00ea1a7b8ebd4e68314663af,69.9
aca2eb7d00ea1a7b8ebd4e68314663af,69.9
aca2eb7d00ea1a7b8ebd4e68314663af,75.0
aca2eb7d00ea1a7b8ebd4e68314663af,69.9
aca2eb7d00ea1a7b8ebd4e68314663af,69.9
aca2eb7d00ea1a7b8ebd4e68314663af,69.9
aca2eb7d00ea1a7b8ebd4e68314663af,69.9
aca2eb7d00ea1a7b8ebd4e68314663af,69.9
aca2eb7d00ea1a7b8ebd4e68314663af,69.9
aca2eb7d00ea1a7b8ebd4e68314663af,69.9
aca2eb7d00ea1a7b8ebd4e68314663af,69.9
aca2eb7d00ea1a7b8ebd4e68314663af,69.9
aca2eb7d00ea1a7b8ebd4e68314663af,69.9
aca2eb7d00ea1a7b8ebd4e68314663af,69.9
aca2eb7d00ea1a7b8ebd4e68314663af,69.9
aca2eb7d00ea1a7b8ebd4e68314663af,69.9
aca2eb7d00ea1a7b8ebd4e68314663af,75.0
aca2eb7d00ea1a7b8ebd4e68314663af,75.0
aca2eb7d00ea1a7b8ebd4e68314663af,69.9
aca2eb7d00ea1a7b8ebd4e68314663af,69.9
aca2eb7d00ea1a7b8ebd4e68314663af,69.9
aca2eb7d00ea1a7b8ebd4e68314663af,69.9
aca2eb7d00ea1a7b8ebd4e68314663af,69.9
aca2eb7d00ea1a7b8ebd4e68314663af,69.9
aca2eb7d00ea1a7b8ebd4e68314663af,69.9
aca2eb7d00ea1a7b8ebd4e68314663af,69.9
aca2eb7d00ea1a7b8ebd4e68314663af,69.9
aca2eb7d00ea1a7b8ebd4e68314663af,69.9
aca2eb7d00ea1a7b8ebd4e68314663af,69.9
aca2eb7d00ea1a7b8ebd4e68314663af,75.0
aca2eb7d00ea1a7b8ebd4e68314663af,75.0
aca2eb7d00ea1a7b8ebd4e68314663af,69.9
aca2eb7d00ea1a7b8ebd4e68314663af,69.9
aca2eb7d00ea1a7b8ebd4e68314663af,75.0
aca2eb7d00ea1a7b8ebd4e68314663af,69.9
aca2eb7d00ea1a7b8ebd4e68314663af,69.9
aca2eb7d00ea1a7b8ebd4e68314663af,75.0
aca2eb7d00ea1a7b8ebd4e68314663af,75.0
aca2eb7d00ea1a7b8ebd4e68314663af,69.9
aca2eb7d00ea1a7b8ebd4e68314663af,69.9
aca2eb7d00ea1a7b8ebd4e68314663af,69.9
aca2eb7d00ea1a7b8ebd4e68314663af,69.9
aca2eb7d00ea1a7b8ebd4e68314663af,69.9
aca2eb7d00ea1a7b8ebd4e68314663af,69.9
aca2eb7d00ea1a7b8ebd4e68314663af,69.9
aca2eb7d00ea1a7b8ebd4e68314663af,69.9
aca2eb7d00ea1a7b8ebd4e68314663af,75.0
aca2eb7d00ea1a7b8ebd4e68314663af,69.9
aca2eb7d00ea1a7b8ebd4e68314663af,69.9
aca2eb7d00ea1a7b8ebd4e68314663af,69.9
aca2eb7d00ea1a7b8ebd4e68314663af,69.9
aca2eb7d00ea1a7b8ebd4e68314663af,69.9
aca2eb7d00ea1a7b8ebd4e68314663af,75.0
aca2eb7d00ea1a7b8ebd4e68314663af,69.9
aca2eb7d00ea1a7b8ebd4e68314663af,69.9
aca2eb7d00ea1a7b8ebd4e68314663af,89.9
aca2eb7d00ea1a7b8ebd4e68314663af,69.9
aca2eb7d00ea1a7b8ebd4e68314663af,69.9
aca2eb7d00ea1a7b8ebd4e68314663af,69.9
aca2eb7d00ea1a7b8ebd4e68314663af,69.9
aca2eb7d00ea1a7b8ebd4e68314663af,75.0
aca2eb7d00ea1a7b8ebd4e68314663af,69.9
aca2eb7d00ea1a7b8ebd4e68314663af,75.0
aca2eb7d00ea1a7b8ebd4e68314663af,75.0
aca2eb7d00ea1a7b8ebd4e68314663af,69.9
aca2eb7d00ea1a7b8ebd4e68314663af,69.9
aca2eb7d00ea1a7b8ebd4e68314663af,75.0
aca2eb7d00ea1a7b8ebd4e68314663af,69.9
aca2eb7d00ea1a7b8ebd4e68314663af,69.9
aca2eb7d00ea1a7b8ebd4e68314663af,75.0
aca2eb7d00ea1a7b8ebd4e68314663af,75.0
aca2eb7d00ea1a7b8ebd4e68314663af,75.0
aca2eb7d00ea1a7b8ebd4e68314663af,75.0
aca2eb7d00ea1a7b8ebd4e68314663af,75.0
aca2eb7d00ea1a7b8ebd4e68314663af,69.9
aca2eb7d00ea1a7b8ebd4e68314663af,69.9
aca2eb7d00ea1a7b8ebd4e68314663af,75.0
aca2eb7d00ea1a7b8ebd4e68314663af,69.9
aca2eb7d00ea1a7b8ebd4e68314663af,69.9
aca2eb7d00ea1a7b8ebd4e68314663af,69.9
aca2eb7d00ea1a7b8ebd4e68314663af,69.9
aca2eb7d00ea1a7b8ebd4e68314663af,69.9
aca2eb7d00ea1a7b8ebd4e68314663af,69.9
aca2eb7d00ea1a7b8ebd4e68314663af,69.9
aca2eb7d00ea1a7b8ebd4e68314663af,69.9
aca2eb7d00ea1a7b8ebd4e68314663af,69.9
aca2eb7d00ea1a7b8ebd4e68314663af,69.9
aca2eb7d00ea1a7b8ebd4e68314663af,69.9
aca2eb7d00ea1a7b8ebd4e68314663af,69.9
aca2eb7d00ea1a7b8ebd4e68314663af,69.9
aca2eb7d00ea1a7b8ebd4e68314663af,69.9
aca2eb7d00ea1a7b8ebd4e68314663af,69.9
aca2eb7d00ea1a7b8ebd4e68314663af,75.0
aca2eb7d00ea1a7b8ebd4e68314663af,75.0
aca2eb7d00ea1a7b8ebd4e68314663af,69.9
aca2eb7d00ea1a7b8ebd4e68314663af,69.9
aca2eb7d00ea1a7b8ebd4e68314663af,69.9
aca2eb7d00ea1a7b8ebd4e68314663af,69.9
aca2eb7d00ea1a7b8ebd4e68314663af,69.9
aca2eb7d00ea1a7b8ebd4e68314663af,69.9
aca2eb7d00ea1a7b8ebd4e68314663af,69.9
aca2eb7d00ea1a7b8ebd4e68314663af,69.9
aca2eb7d00ea1a7b8ebd4e68314663af,69.9
aca2eb7d00ea1a7b8ebd4e68314663af,69.9
aca2eb7d00ea1a7b8ebd4e68314663af,69.9
aca2eb7d00ea1a7b8ebd4e68314663af,69.9
aca2eb7d00ea1a7b8ebd4e68314663af,75.0
aca2eb7d00ea1a7b8ebd4e68314663af,69.9
aca2eb7d00ea1a7b8ebd4e68314663af,75.0
aca2eb7d00ea1a7b8ebd4e68314663af,69.9
aca2eb7d00ea1a7b8ebd4e68314663af,69.9
aca2eb7d00ea1a7b8ebd4e68314663af,75.0
aca2eb7d00ea1a7b8ebd4e68314663af,75.0
aca2eb7d00ea1a7b8ebd4e68314663af,75.0
aca2eb7d00ea1a7b8ebd4e68314663af,75.0
aca2eb7d00ea1a7b8ebd4e68314663af,69.9
aca2eb7d00ea1a7b8ebd4e68314663af,69.9
aca2eb7d00ea1a7b8ebd4e68314663af,69.9
aca2eb7d00ea1a7b8ebd4e68314663af,69.9
aca2eb7d00ea1a7b8ebd4e68314663af,69.9
aca2eb7d00ea1a7b8ebd4e68314663af,69.9
aca2eb7d00ea1a7b8ebd4e68314663af,69.9
aca2eb7d00ea1a7b8ebd4e68314663af,69.9
aca2eb7d00ea1a7b8ebd4e68314663af,69.9
aca2eb7d00ea1a7b8ebd4e68314663af,69.9
aca2eb7d00ea1a7b8ebd4e68314663af,69.9
aca2eb7d00ea1a7b8ebd4e68314663af,75.0
aca2eb7d00ea1a7b8ebd4e68314663af,69.9
aca2eb7d00ea1a7b8ebd4e68314663af,69.9
aca2eb7d00ea1a7b8ebd4e68314663af,69.9
aca2eb7d00ea1a7b8ebd4e68314663af,69.9
aca2eb7d00ea1a7b8ebd4e68314663af,69.9
aca2eb7d00ea1a7b8ebd4e68314663af,69.9
aca2eb7d00ea1a7b8ebd4e68314663af,69.9
aca2eb7d00ea1a7b8ebd4e68314663af,69.9
aca2eb7d00ea1a7b8ebd4e68314663af,69.9
aca2eb7d00ea1a7b8ebd4e68314663af,69.9
aca2eb7d00ea1a7b8ebd4e68314663af,75.0
aca2eb7d00ea1a7b8ebd4e68314663af,69.9
aca2eb7d00ea1a7b8ebd4e68314663af,69.9
aca2eb7d00ea1a7b8ebd4e68314663af,89.9
aca2eb7d00ea1a7b8ebd4e68314663af,75.0
aca2eb7d00ea1a7b8ebd4e68314663af,75.0
aca2eb7d00ea1a7b8ebd4e68314663af,69.9
aca2eb7d00ea1a7b8ebd4e68314663af,69.9
aca2eb7d00ea1a7b8ebd4e68314663af,69.9
aca2eb7d00ea1a7b8ebd4e68314663af,69.9
aca2eb7d00ea1a7b8ebd4e68314663af,69.9
aca2eb7d00ea1a7b8ebd4e68314663af,69.9
aca2eb7d00ea1a7b8ebd4e68314663af,69.9
aca2eb7d00ea1a7b8ebd4e68314663af,69.9
aca2eb7d00ea1a7b8ebd4e68314663af,69.9
aca2eb7d00ea1a7b8ebd4e68314663af,75.0
aca2eb7d00ea1a7b8ebd4e68314663af,75.0
aca2eb7d00ea1a7b8ebd4e68314663af,69.9
aca2eb7d00ea1a7b8ebd4e68314663af,69.9
aca2eb7d00ea1a7b8ebd4e68314663af,69.9
aca2eb7d00ea1a7b8ebd4e68314663af,69.9
aca2eb7d00ea1a7b8ebd4e68314663af,69.9
aca2eb7d00ea1a7b8ebd4e68314663af,69.9
aca2eb7d00ea1a7b8ebd4e68314663af,69.9
aca2eb7d00ea1a7b8ebd4e68314663af,69.9
aca2eb7d00ea1a7b8ebd4e68314663af,69.9
aca2eb7d00ea1a7b8ebd4e68314663af,69.9
aca2eb7d00ea1a7b8ebd4e68314663af,69.9
aca2eb7d00ea1a7b8ebd4e68314663af,69.9
aca2eb7d00ea1a7b8ebd4e68314663af,69.9
aca2eb7d00ea1a7b8ebd4e68314663af,69.9
aca2eb7d00ea1a7b8ebd4e68314663af,69.9
aca2eb7d00ea1a7b8ebd4e68314663af,69.9
aca2eb7d00ea1a7b8ebd4e68314663af,69.9
aca2eb7d00ea1a7b8ebd4e68314663af,75.0
aca2eb7d00ea1a7b8ebd4e68314663af,75.0
aca2eb7d00ea1a7b8ebd4e68314663af,69.9
aca2eb7d00ea1a7b8ebd4e68314663af,69.9
aca2eb7d00ea1a7b8ebd4e68314663af,69.9
aca2eb7d00ea1a7b8ebd4e68314663af,69.9
aca2eb7d00ea1a7b8ebd4e68314663af,69.9
aca2eb7d00ea1a7b8ebd4e68314663af,69.9
aca2eb7d00ea1a7b8ebd4e68314663af,109.9
aca2eb7d00ea1a7b8ebd4e68314663af,75.0
aca2eb7d00ea1a7b8ebd4e68314663af,75.0
aca2eb7d00ea1a7b8ebd4e68314663af,69.9
aca2eb7d00ea1a7b8ebd4e68314663af,69.9
aca2eb7d00ea1a7b8ebd4e68314663af,69.9
aca2eb7d00ea1a7b8ebd4e68314663af,69.9
aca2eb7d00ea1a7b8ebd4e68314663af,69.9
aca2eb7d00ea1a7b8ebd4e68314663af,69.9
aca2eb7d00ea1a7b8ebd4e68314663af,69.9
aca2eb7d00ea1a7b8ebd4e68314663af,69.9
aca2eb7d00ea1a7b8ebd4e68314663af,69.9
aca2eb7d00ea1a7b8ebd4e68314663af,69.9
aca2eb7d00ea1a7b8ebd4e68314663af,69.9
aca2eb7d00ea1a7b8ebd4e68314663af,69.9
aca2eb7d00ea1a7b8ebd4e68314663af,75.0
aca2eb7d00ea1a7b8ebd4e68314663af,75.0
aca2eb7d00ea1a7b8ebd4e68314663af,75.0
aca2eb7d00ea1a7b8ebd4e68314663af,75.0
aca2eb7d00ea1a7b8ebd4e68314663af,69.9
aca2eb7d00ea1a7b8ebd4e68314663af,69.9
aca2eb7d00ea1a7b8ebd4e68314663af,69.9
aca2eb7d00ea1a7b8ebd4e68314663af,69.9
aca2eb7d00ea1a7b8ebd4e68314663af,69.9
aca2eb7d00ea1a7b8ebd4e68314663af,69.9
aca2eb7d00ea1a7b8ebd4e68314663af,69.9
aca2eb7d00ea1a7b8ebd4e68314663af,69.9
aca2eb7d00ea1a7b8ebd4e68314663af,69.9
aca2eb7d00ea1a7b8ebd4e68314663af,69.9
aca2eb7d00ea1a7b8ebd4e68314663af,75.0
aca2eb7d00ea1a7b8ebd4e68314663af,75.0
aca2eb7d00ea1a7b8ebd4e68314663af,69.9
aca2eb7d00ea1a7b8ebd4e68314663af,69.9
aca2eb7d00ea1a7b8ebd4e68314663af,69.9
aca2eb7d00ea1a7b8ebd4e68314663af,75.0
aca2eb7d00ea1a7b8ebd4e68314663af,69.9
aca2eb7d00ea1a7b8ebd4e68314663af,69.9
aca2eb7d00ea1a7b8ebd4e68314663af,69.9
aca2eb7d00ea1a7b8ebd4e68314663af,69.9
aca2eb7d00ea1a7b8ebd4e68314663af,69.9
aca2eb7d00ea1a7b8ebd4e68314663af,69.9
aca2eb7d00ea1a7b8ebd4e68314663af,69.9
aca2eb7d00ea1a7b8ebd4e68314663af,69.9
aca2eb7d00ea1a7b8ebd4e68314663af,69.9
aca2eb7d00ea1a7b8ebd4e68314663af,69.9
aca2eb7d00ea1a7b8ebd4e68314663af,69.9
aca2eb7d00ea1a7b8ebd4e68314663af,69.9
aca2eb7d00ea1a7b8ebd4e68314663af,69.9
aca2eb7d00ea1a7b8ebd4e68314663af,69.9
aca2eb7d00ea1a7b8ebd4e68314663af,69.9
aca2eb7d00ea1a7b8ebd4e68314663af,69.9
aca2eb7d00ea1a7b8ebd4e68314663af,69.9
aca2eb7d00ea1a7b8ebd4e68314663af,69.9
aca2eb7d00ea1a7b8ebd4e68314663af,69.9
aca2eb7d00ea1a7b8ebd4e68314663af,69.9
aca2eb7d00ea1a7b8ebd4e68314663af,69.9
aca2eb7d00ea1a7b8ebd4e68314663af,69.9
aca2eb7d00ea1a7b8ebd4e68314663af,69.9
aca2eb7d00ea1a7b8ebd4e68314663af,69.9
aca2eb7d00ea1a7b8ebd4e68314663af,75.0
aca2eb7d00ea1a7b8ebd4e68314663af,75.0
aca2eb7d00ea1a7b8ebd4e68314663af,69.9
aca2eb7d00ea1a7b8ebd4e68314663af,69.9
aca2eb7d00ea1a7b8ebd4e68314663af,69.9
aca2eb7d00ea1a7b8ebd4e68314663af,69.9
aca2eb7d00ea1a7b8ebd4e68314663af,75.0
aca2eb7d00ea1a7b8ebd4e68314663af,69.9
aca2eb7d00ea1a7b8ebd4e68314663af,69.9
aca2eb7d00ea1a7b8ebd4e68314663af,69.9
aca2eb7d00ea1a7b8ebd4e68314663af,69.9
aca2eb7d00ea1a7b8ebd4e68314663af,69.9
aca2eb7d00ea1a7b8ebd4e68314663af,75.0
aca2eb7d00ea1a7b8ebd4e68314663af,69.9
aca2eb7d00ea1a7b8ebd4e68314663af,69.9
aca2eb7d00ea1a7b8ebd4e68314663af,69.9
aca2eb7d00ea1a7b8ebd4e68314663af,69.9
aca2eb7d00ea1a7b8ebd4e68314663af,69.9
aca2eb7d00ea1a7b8ebd4e68314663af,69.9
aca2eb7d00ea1a7b8ebd4e68314663af,69.9
aca2eb7d00ea1a7b8ebd4e68314663af,69.9
aca2eb7d00ea1a7b8ebd4e68314663af,69.9
aca2eb7d00ea1a7b8ebd4e68314663af,69.9
aca2eb7d00ea1a7b8ebd4e68314663af,69.9
aca2eb7d00ea1a7b8ebd4e68314663af,69.9
aca2eb7d00ea1a7b8ebd4e68314663af,69.9
aca2eb7d00ea1a7b8ebd4e68314663af,69.9
aca2eb7d00ea1a7b8ebd4e68314663af,75.0
aca2eb7d00ea1a7b8ebd4e68314663af,69.9
aca2eb7d00ea1a7b8ebd4e68314663af,69.9
aca2eb7d00ea1a7b8ebd4e68314663af,69.9
aca2eb7d00ea1a7b8ebd4e68314663af,69.9
aca2eb7d00ea1a7b8ebd4e68314663af,69.9
aca2eb7d00ea1a7b8ebd4e68314663af,69.9
aca2eb7d00ea1a7b8ebd4e68314663af,69.9
aca2eb7d00ea1a7b8ebd4e68314663af,69.9
aca2eb7d00ea1a7b8ebd4e68314663af,69.9
aca2eb7d00ea1a7b8ebd4e68314663af,69.9
aca2eb7d00ea1a7b8ebd4e68314663af,69.9
aca2eb7d00ea1a7b8ebd4e68314663af,75.0
aca2eb7d00ea1a7b8ebd4e68314663af,75.0
aca2eb7d00ea1a7b8ebd4e68314663af,69.9
aca2eb7d00ea1a7b8ebd4e68314663af,69.9
aca2eb7d00ea1a7b8ebd4e68314663af,69.9
aca2eb7d00ea1a7b8ebd4e68314663af,75.0
aca2eb7d00ea1a7b8ebd4e68314663af,75.0
aca2eb7d00ea1a7b8ebd4e68314663af,75.0
aca2eb7d00ea1a7b8ebd4e68314663af,69.9
aca2eb7d00ea1a7b8ebd4e68314663af,69.9
aca2eb7d00ea1a7b8ebd4e68314663af,69.9
aca2eb7d00ea1a7b8ebd4e68314663af,69.9
aca2eb7d00ea1a7b8ebd4e68314663af,69.9
aca2eb7d00ea1a7b8ebd4e68314663af,69.9
aca2eb7d00ea1a7b8ebd4e68314663af,69.9
aca2eb7d00ea1a7b8ebd4e68314663af,69.9
aca2eb7d00ea1a7b8ebd4e68314663af,69.9
aca2eb7d00ea1a7b8ebd4e68314663af,75.0
aca2eb7d00ea1a7b8ebd4e68314663af,69.9
aca2eb7d00ea1a7b8ebd4e68314663af,69.9
aca2eb7d00ea1a7b8ebd4e68314663af,69.9
aca2eb7d00ea1a7b8ebd4e68314663af,69.9
aca2eb7d00ea1a7b8ebd4e68314663af,69.9
aca2eb7d00ea1a7b8ebd4e68314663af,69.9
aca2eb7d00ea1a7b8ebd4e68314663af,69.9
aca2eb7d00ea1a7b8ebd4e68314663af,69.9
aca2eb7d00ea1a7b8ebd4e68314663af,69.9
aca2eb7d00ea1a7b8ebd4e68314663af,69.9
aca2eb7d00ea1a7b8ebd4e68314663af,69.9
aca2eb7d00ea1a7b8ebd4e68314663af,69.9
aca2eb7d00ea1a7b8ebd4e68314663af,69.9
aca2eb7d00ea1a7b8ebd4e68314663af,69.9
aca2eb7d00ea1a7b8ebd4e68314663af,69.9
aca2eb7d00ea1a7b8ebd4e68314663af,69.9
aca2eb7d00ea1a7b8ebd4e68314663af,69.9
aca2eb7d00ea1a7b8ebd4e68314663af,69.9
aca2eb7d00ea1a7b8ebd4e68314663af,69.9
aca2eb7d00ea1a7b8ebd4e68314663af,69.9
aca2eb7d00ea1a7b8ebd4e68314663af,75.0
aca2eb7d00ea1a7b8ebd4e68314663af,75.0
aca2eb7d00ea1a7b8ebd4e68314663af,69.9
aca2eb7d00ea1a7b8ebd4e68314663af,69.9
aca2eb7d00ea1a7b8ebd4e68314663af,69.9
aca2eb7d00ea1a7b8ebd4e68314663af,69.9
aca2eb7d00ea1a7b8ebd4e68314663af,69.9
aca2eb7d00ea1a7b8ebd4e68314663af,75.0
aca2eb7d00ea1a7b8ebd4e68314663af,69.9
aca2eb7d00ea1a7b8ebd4e68314663af,69.9
aca2eb7d00ea1a7b8ebd4e68314663af,89.9
aca2eb7d00ea1a7b8ebd4e68314663af,69.9
aca2eb7d00ea1a7b8ebd4e68314663af,69.9
aca2eb7d00ea1a7b8ebd4e68314663af,69.9
aca2eb7d00ea1a7b8ebd4e68314663af,69.9
aca2eb7d00ea1a7b8ebd4e68314663af,69.9
aca2eb7d00ea1a7b8ebd4e68314663af,69.9
aca2eb7d00ea1a7b8ebd4e68314663af,75.0
aca2eb7d00ea1a7b8ebd4e68314663af,75.0
aca2eb7d00ea1a7b8ebd4e68314663af,75.0
aca2eb7d00ea1a7b8ebd4e68314663af,75.0
aca2eb7d00ea1a7b8ebd4e68314663af,69.9
aca2eb7d00ea1a7b8ebd4e68314663af,69.9
aca2eb7d00ea1a7b8ebd4e68314663af,75.0
aca2eb7d00ea1a7b8ebd4e68314663af,89.9
aca2eb7d00ea1a7b8ebd4e68314663af,89.9
aca2eb7d00ea1a7b8ebd4e68314663af,69.9
aca2eb7d00ea1a7b8ebd4e68314663af,69.9
aca2eb7d00ea1a7b8ebd4e68314663af,69.9
aca2eb7d00ea1a7b8ebd4e68314663af,75.0
aca2eb7d00ea1a7b8ebd4e68314663af,75.0
aca2eb7d00ea1a7b8ebd4e68314663af,69.9
aca2eb7d00ea1a7b8ebd4e68314663af,69.9
aca2eb7d00ea1a7b8ebd4e68314663af,69.9
aca2eb7d00ea1a7b8ebd4e68314663af,69.9
aca2eb7d00ea1a7b8ebd4e68314663af,69.9
aca2eb7d00ea1a7b8ebd4e68314663af,69.9
aca2eb7d00ea1a7b8ebd4e68314663af,69.9
aca2eb7d00ea1a7b8ebd4e68314663af,69.9
aca2eb7d00ea1a7b8ebd4e68314663af,69.9
aca2eb7d00ea1a7b8ebd4e68314663af,75.0
aca2eb7d00ea1a7b8ebd4e68314663af,75.0
aca2eb7d00ea1a7b8ebd4e68314663af,69.9
aca2eb7d00ea1a7b8ebd4e68314663af,69.9
aca2eb7d00ea1a7b8ebd4e68314663af,75.0
aca2eb7d00ea1a7b8ebd4e68314663af,75.0
aca2eb7d00ea1a7b8ebd4e68314663af,75.0
aca2eb7d00ea1a7b8ebd4e68314663af,75.0
aca2eb7d00ea1a7b8ebd4e68314663af,109.9
aca2eb7d00ea1a7b8ebd4e68314663af,69.9
aca2eb7d00ea1a7b8ebd4e68314663af,69.9
aca2eb7d00ea1a7b8ebd4e68314663af,69.9
aca2eb7d00ea1a7b8ebd4e68314663af,69.9
aca2eb7d00ea1a7b8ebd4e68314663af,69.9
aca2eb7d00ea1a7b8ebd4e68314663af,69.9
aca2eb7d00ea1a7b8ebd4e68314663af,69.9
aca2eb7d00ea1a7b8ebd4e68314663af,69.9
aca2eb7d00ea1a7b8ebd4e68314663af,69.9
aca2eb7d00ea1a7b8ebd4e68314663af,69.9
aca2eb7d00ea1a7b8ebd4e68314663af,75.0
aca2eb7d00ea1a7b8ebd4e68314663af,69.9
aca2eb7d00ea1a7b8ebd4e68314663af,69.9
aca2eb7d00ea1a7b8ebd4e68314663af,75.0
aca2eb7d00ea1a7b8ebd4e68314663af,75.0
aca2eb7d00ea1a7b8ebd4e68314663af,69.9
aca2eb7d00ea1a7b8ebd4e68314663af,69.9
aca2eb7d00ea1a7b8ebd4e68314663af,69.9
aca2eb7d00ea1a7b8ebd4e68314663af,69.9
aca2eb7d00ea1a7b8ebd4e68314663af,75.0
aca2eb7d00ea1a7b8ebd4e68314663af,69.9
aca2eb7d00ea1a7b8ebd4e68314663af,69.9
aca2eb7d00ea1a7b8ebd4e68314663af,69.9
aca2eb7d00ea1a7b8ebd4e68314663af,69.9
aca2eb7d00ea1a7b8ebd4e68314663af,69.9
aca2eb7d00ea1a7b8ebd4e68314663af,69.9
aca2eb7d00ea1a7b8ebd4e68314663af,69.9
aca2eb7d00ea1a7b8ebd4e68314663af,69.9
aca2eb7d00ea1a7b8ebd4e68314663af,69.9
422879e10f46682990de24d770e7f83d,53.9
422879e10f46682990de24d770e7f83d,53.9
422879e10f46682990de24d770e7f83d,49.0
422879e10f46682990de24d770e7f83d,49.0
422879e10f46682990de24d770e7f83d,49.0
422879e10f46682990de24d770e7f83d,49.9
422879e10f46682990de24d770e7f83d,49.9
422879e10f46682990de24d770e7f83d,53.9
422879e10f46682990de24d770e7f83d,59.9
422879e10f46682990de24d770e7f83d,49.91
422879e10f46682990de24d770e7f83d,49.91
422879e10f46682990de24d770e7f83d,59.0
422879e10f46682990de24d770e7f83d,59.0
422879e10f46682990de24d770e7f83d,49.9
422879e10f46682990de24d770e7f83d,59.9
422879e10f46682990de24d770e7f83d,49.0
422879e10f46682990de24d770e7f83d,53.9
422879e10f46682990de24d770e7f83d,49.9
422879e10f46682990de24d770e7f83d,59.9
422879e10f46682990de24d770e7f83d,59.9
422879e10f46682990de24d770e7f83d,53.9
422879e10f46682990de24d770e7f83d,53.9
422879e10f46682990de24d770e7f83d,53.9
422879e10f46682990de24d770e7f83d,53.9
422879e10f46682990de24d770e7f83d,59.0
422879e10f46682990de24d770e7f83d,49.9
422879e10f46682990de24d770e7f83d,49.0
422879e10f46682990de24d770e7f83d,59.9
422879e10f46682990de24d770e7f83d,53.9
422879e10f46682990de24d770e7f83d,53.9
422879e10f46682990de24d770e7f83d,49.9
422879e10f46682990de24d770e7f83d,49.9
422879e10f46682990de24d770e7f83d,59.9
422879e10f46682990de24d770e7f83d,59.9
422879e10f46682990de24d770e7f83d,53.9
422879e10f46682990de24d770e7f83d,49.9
422879e10f46682990de24d770e7f83d,53.9
422879e10f46682990de24d770e7f83d,49.9
422879e10f46682990de24d770e7f83d,59.9
422879e10f46682990de24d770e7f83d,49.0
422879e10f46682990de24d770e7f83d,53.9
422879e10f46682990de24d770e7f83d,59.9
422879e10f46682990de24d770e7f83d,59.9
422879e10f46682990de24d770e7f83d,59.9
422879e10f46682990de24d770e7f83d,59.9
422879e10f46682990de24d770e7f83d,59.9
422879e10f46682990de24d770e7f83d,59.9
422879e10f46682990de24d770e7f83d,59.9
422879e10f46682990de24d770e7f83d,49.91
422879e10f46682990de24d770e7f83d,49.9
422879e10f46682990de24d770e7f83d,59.9
422879e10f46682990de24d770e7f83d,49.9
422879e10f46682990de24d770e7f83d,49.9
422879e10f46682990de24d770e7f83d,53.9
422879e10f46682990de24d770e7f83d,53.9
422879e10f46682990de24d770e7f83d,53.9
422879e10f46682990de24d770e7f83d,49.9
422879e10f46682990de24d770e7f83d,49.0
422879e10f46682990de24d770e7f83d,53.9
422879e10f46682990de24d770e7f83d,53.9
422879e10f46682990de24d770e7f83d,53.9
422879e10f46682990de24d770e7f83d,59.9
422879e10f46682990de24d770e7f83d,59.9
422879e10f46682990de24d770e7f83d,59.9
422879e10f46682990de24d770e7f83d,59.9
422879e10f46682990de24d770e7f83d,59.9
422879e10f46682990de24d770e7f83d,59.9
422879e10f46682990de24d770e7f83d,49.9
422879e10f46682990de24d770e7f83d,49.0
422879e10f46682990de24d770e7f83d,49.9
422879e10f46682990de24d770e7f83d,49.9
422879e10f46682990de24d770e7f83d,49.9
422879e10f46682990de24d770e7f83d,49.0
422879e10f46682990de24d770e7f83d,53.9
422879e10f46682990de24d770e7f83d,59.0
422879e10f46682990de24d770e7f83d,49.0
422879e10f46682990de24d770e7f83d,49.0
422879e10f46682990de24d770e7f83d,49.9
422879e10f46682990de24d770e7f83d,49.9
422879e10f46682990de24d770e7f83d,49.0
422879e10f46682990de24d770e7f83d,49.9
422879e10f46682990de24d770e7f83d,59.9
422879e10f46682990de24d770e7f83d,53.9
422879e10f46682990de24d770e7f83d,59.9
422879e10f46682990de24d770e7f83d,53.9
422879e10f46682990de24d770e7f83d,53.9
422879e10f46682990de24d770e7f83d,53.9
422879e10f46682990de24d770e7f83d,53.9
422879e10f46682990de24d770e7f83d,53.9
422879e10f46682990de24d770e7f83d,49.9
422879e10f46682990de24d770e7f83d,49.9
422879e10f46682990de24d770e7f83d,49.9
422879e10f46682990de24d770e7f83d,53.9
422879e10f46682990de24d770e7f83d,53.9
422879e10f46682990de24d770e7f83d,53.9
422879e10f46682990de24d770e7f83d,49.9
422879e10f46682990de24d770e7f83d,59.9
422879e10f46682990de24d770e7f83d,59.0
422879e10f46682990de24d770e7f83d,59.0
422879e10f46682990de24d770e7f83d,59.0
422879e10f46682990de24d770e7f83d,53.9
422879e10f46682990de24d770e7f83d,49.91
422879e10f46682990de24d770e7f83d,49.91
422879e10f46682990de24d770e7f83d,59.0
422879e10f46682990de24d770e7f83d,59.9
422879e10f46682990de24d770e7f83d,49.9
422879e10f46682990de24d770e7f83d,49.0
422879e10f46682990de24d770e7f83d,53.9
422879e10f46682990de24d770e7f83d,49.9
422879e10f46682990de24d770e7f83d,49.9
422879e10f46682990de24d770e7f83d,49.9
422879e10f46682990de24d770e7f83d,49.0
422879e10f46682990de24d770e7f83d,59.0
422879e10f46682990de24d770e7f83d,59.9
422879e10f46682990de24d770e7f83d,59.9
422879e10f46682990de24d770e7f83d,49.9
422879e10f46682990de24d770e7f83d,59.9
422879e10f46682990de24d770e7f83d,59.9
422879e10f46682990de24d770e7f83d,53.9
422879e10f46682990de24d770e7f83d,49.9
422879e10f46682990de24d770e7f83d,59.9
422879e10f46682990de24d770e7f83d,53.9
422879e10f46682990de24d770e7f83d,59.9
422879e10f46682990de24d770e7f83d,49.0
422879e10f46682990de24d770e7f83d,59.9
422879e10f46682990de24d770e7f83d,53.9
422879e10f46682990de24d770e7f83d,59.9
422879e10f46682990de24d770e7f83d,59.9
422879e10f46682990de24d770e7f83d,59.9
422879e10f46682990de24d770e7f83d,49.0
422879e10f46682990de24d770e7f83d,59.9
422879e10f46682990de24d770e7f83d,59.9
422879e10f46682990de24d770e7f83d,53.9
422879e10f46682990de24d770e7f83d,53.9
422879e10f46682990de24d770e7f83d,59.9
422879e10f46682990de24d770e7f83d,49.9
422879e10f46682990de24d770e7f83d,59.0
422879e10f46682990de24d770e7f83d,59.9
422879e10f46682990de24d770e7f83d,59.9
422879e10f46682990de24d770e7f83d,59.9
422879e10f46682990de24d770e7f83d,59.9
422879e10f46682990de24d770e7f83d,59.9
422879e10f46682990de24d770e7f83d,59.9
422879e10f46682990de24d770e7f83d,49.9
422879e10f46682990de24d770e7f83d,59.9
422879e10f46682990de24d770e7f83d,59.9
422879e10f46682990de24d770e7f83d,59.9
422879e10f46682990de24d770e7f83d,59.9
422879e10f46682990de24d770e7f83d,59.9
422879e10f46682990de24d770e7f83d,59.9
422879e10f46682990de24d770e7f83d,49.0
422879e10f46682990de24d770e7f83d,49.0
422879e10f46682990de24d770e7f83d,59.9
422879e10f46682990de24d770e7f83d,59.9
422879e10f46682990de24d770e7f83d,59.0
422879e10f46682990de24d770e7f83d,59.0
422879e10f46682990de24d770e7f83d,59.0
422879e10f46682990de24d770e7f83d,59.0
422879e10f46682990de24d770e7f83d,59.0
422879e10f46682990de24d770e7f83d,53.9
422879e10f46682990de24d770e7f83d,59.0
422879e10f46682990de24d770e7f83d,59.0
422879e10f46682990de24d770e7f83d,59.9
422879e10f46682990de24d770e7f83d,49.0
422879e10f46682990de24d770e7f83d,53.9
422879e10f46682990de24d770e7f83d,49.9
422879e10f46682990de24d770e7f83d,49.9
422879e10f46682990de24d770e7f83d,49.0
422879e10f46682990de24d770e7f83d,49.9
422879e10f46682990de24d770e7f83d,49.9
422879e10f46682990de24d770e7f83d,49.0
422879e10f46682990de24d770e7f83d,49.0
422879e10f46682990de24d770e7f83d,49.0
422879e10f46682990de24d770e7f83d,53.9
422879e10f46682990de24d770e7f83d,53.9
422879e10f46682990de24d770e7f83d,49.0
422879e10f46682990de24d770e7f83d,49.0
422879e10f46682990de24d770e7f83d,53.9
422879e10f46682990de24d770e7f83d,53.9
422879e10f46682990de24d770e7f83d,49.0
422879e10f46682990de24d770e7f83d,59.9
422879e10f46682990de24d770e7f83d,59.9
422879e10f46682990de24d770e7f83d,49.0
422879e10f46682990de24d770e7f83d,49.0
422879e10f46682990de24d770e7f83d,49.0
422879e10f46682990de24d770e7f83d,49.0
422879e10f46682990de24d770e7f83d,53.9
422879e10f46682990de24d770e7f83d,59.9
422879e10f46682990de24d770e7f83d,49.9
422879e10f46682990de24d770e7f83d,49.0
422879e10f46682990de24d770e7f83d,59.9
422879e10f46682990de24d770e7f83d,59.9
422879e10f46682990de24d770e7f83d,53.9
422879e10f46682990de24d770e7f83d,59.9
422879e10f46682990de24d770e7f83d,59.0
422879e10f46682990de24d770e7f83d,59.9
422879e10f46682990de24d770e7f83d,49.0
422879e10f46682990de24d770e7f83d,53.9
422879e10f46682990de24d770e7f83d,59.9
422879e10f46682990de24d770e7f83d,59.9
422879e10f46682990de24d770e7f83d,59.9
422879e10f46682990de24d770e7f83d,59.9
422879e10f46682990de24d770e7f83d,59.9
422879e10f46682990de24d770e7f83d,59.9
422879e10f46682990de24d770e7f83d,53.9
422879e10f46682990de24d770e7f83d,53.9
422879e10f46682990de24d770e7f83d,59.9
422879e10f46682990de24d770e7f83d,59.9
422879e10f46682990de24d770e7f83d,59.9
422879e10f46682990de24d770e7f83d,53.9
422879e10f46682990de24d770e7f83d,53.9
422879e10f46682990de24d770e7f83d,59.0
422879e10f46682990de24d770e7f83d,59.9
422879e10f46682990de24d770e7f83d,59.9
422879e10f46682990de24d770e7f83d,49.0
422879e10f46682990de24d770e7f83d,53.9
422879e10f46682990de24d770e7f83d,53.9
422879e10f46682990de24d770e7f83d,49.0
422879e10f46682990de24d770e7f83d,53.9
422879e10f46682990de24d770e7f83d,59.9
422879e10f46682990de24d770e7f83d,53.9
422879e10f46682990de24d770e7f83d,53.9
422879e10f46682990de24d770e7f83d,49.9
422879e10f46682990de24d770e7f83d,59.0
422879e10f46682990de24d770e7f83d,59.0
422879e10f46682990de24d770e7f83d,59.0
422879e10f46682990de24d770e7f83d,59.0
422879e10f46682990de24d770e7f83d,59.0
422879e10f46682990de24d770e7f83d,59.0
422879e10f46682990de24d770e7f83d,59.0
422879e10f46682990de24d770e7f83d,59.0
422879e10f46682990de24d770e7f83d,59.0
422879e10f46682990de24d770e7f83d,59.0
422879e10f46682990de24d770e7f83d,59.0
422879e10f46682990de24d770e7f83d,59.0
422879e10f46682990de24d770e7f83d,59.0
422879e10f46682990de24d770e7f83d,59.0
422879e10f46682990de24d770e7f83d,59.9
422879e10f46682990de24d770e7f83d,59.9
422879e10f46682990de24d770e7f83d,53.9
422879e10f46682990de24d770e7f83d,49.0
422879e10f46682990de24d770e7f83d,53.9
422879e10f46682990de24d770e7f83d,53.9
422879e10f46682990de24d770e7f83d,59.9
422879e10f46682990de24d770e7f83d,59.9
422879e10f46682990de24d770e7f83d,59.9
422879e10f46682990de24d770e7f83d,53.9
422879e10f46682990de24d770e7f83d,49.0
422879e10f46682990de24d770e7f83d,49.91
422879e10f46682990de24d770e7f83d,59.9
422879e10f46682990de24d770e7f83d,49.91
422879e10f46682990de24d770e7f83d,59.9
422879e10f46682990de24d770e7f83d,53.9
422879e10f46682990de24d770e7f83d,53.9
422879e10f46682990de24d770e7f83d,53.9
422879e10f46682990de24d770e7f83d,53.9
422879e10f46682990de24d770e7f83d,53.9
422879e10f46682990de24d770e7f83d,59.9
422879e10f46682990de24d770e7f83d,49.9
422879e10f46682990de24d770e7f83d,49.9
422879e10f46682990de24d770e7f83d,49.9
422879e10f46682990de24d770e7f83d,53.9
422879e10f46682990de24d770e7f83d,53.9
422879e10f46682990de24d770e7f83d,49.0
422879e10f46682990de24d770e7f83d,59.9
422879e10f46682990de24d770e7f83d,59.9
422879e10f46682990de24d770e7f83d,53.9
422879e10f46682990de24d770e7f83d,49.9
422879e10f46682990de24d770e7f83d,49.9
422879e10f46682990de24d770e7f83d,49.9
422879e10f46682990de24d770e7f83d,49.9
422879e10f46682990de24d770e7f83d,49.9
422879e10f46682990de24d770e7f83d,49.9
422879e10f46682990de24d770e7f83d,59.9
422879e10f46682990de24d770e7f83d,59.9
422879e10f46682990de24d770e7f83d,49.91
422879e10f46682990de24d770e7f83d,59.9
422879e10f46682990de24d770e7f83d,59.9
422879e10f46682990de24d770e7f83d,59.9
422879e10f46682990de24d770e7f83d,59.9
422879e10f46682990de24d770e7f83d,59.9
422879e10f46682990de24d770e7f83d,49.0
422879e10f46682990de24d770e7f83d,59.9
422879e10f46682990de24d770e7f83d,59.9
422879e10f46682990de24d770e7f83d,53.9
422879e10f46682990de24d770e7f83d,59.0
422879e10f46682990de24d770e7f83d,53.9
422879e10f46682990de24d770e7f83d,59.9
422879e10f46682990de24d770e7f83d,49.9
422879e10f46682990de24d770e7f83d,53.9
422879e10f46682990de24d770e7f83d,53.9
422879e10f46682990de24d770e7f83d,49.0
422879e10f46682990de24d770e7f83d,49.9
422879e10f46682990de24d770e7f83d,49.9
422879e10f46682990de24d770e7f83d,59.9
422879e10f46682990de24d770e7f83d,53.9
422879e10f46682990de24d770e7f83d,49.9
422879e10f46682990de24d770e7f83d,53.9
422879e10f46682990de24d770e7f83d,59.9
422879e10f46682990de24d770e7f83d,59.9
422879e10f46682990de24d770e7f83d,59.9
422879e10f46682990de24d770e7f83d,59.9
422879e10f46682990de24d770e7f83d,49.9
422879e10f46682990de24d770e7f83d,49.0
422879e10f46682990de24d770e7f83d,53.9
422879e10f46682990de24d770e7f83d,53.9
422879e10f46682990de24d770e7f83d,53.9
422879e10f46682990de24d770e7f83d,59.9
422879e10f46682990de24d770e7f83d,59.0
422879e10f46682990de24d770e7f83d,53.9
422879e10f46682990de24d770e7f83d,53.9
422879e10f46682990de24d770e7f83d,49.9
422879e10f46682990de24d770e7f83d,59.0
422879e10f46682990de24d770e7f83d,49.0
422879e10f46682990de24d770e7f83d,59.0
422879e10f46682990de24d770e7f83d,49.9
422879e10f46682990de24d770e7f83d,59.9
422879e10f46682990de24d770e7f83d,59.9
422879e10f46682990de24d770e7f83d,53.9
422879e10f46682990de24d770e7f83d,53.9
422879e10f46682990de24d770e7f83d,59.9
422879e10f46682990de24d770e7f83d,49.91
422879e10f46682990de24d770e7f83d,53.9
422879e10f46682990de24d770e7f83d,49.0
422879e10f46682990de24d770e7f83d,49.0
422879e10f46682990de24d770e7f83d,59.9
422879e10f46682990de24d770e7f83d,53.9
422879e10f46682990de24d770e7f83d,49.0
422879e10f46682990de24d770e7f83d,49.0
422879e10f46682990de24d770e7f83d,59.0
422879e10f46682990de24d770e7f83d,49.9
422879e10f46682990de24d770e7f83d,49.9
422879e10f46682990de24d770e7f83d,59.9
422879e10f46682990de24d770e7f83d,59.9
422879e10f46682990de24d770e7f83d,59.9
422879e10f46682990de24d770e7f83d,59.9
422879e10f46682990de24d770e7f83d,53.9
422879e10f46682990de24d770e7f83d,53.9
422879e10f46682990de24d770e7f83d,53.9
422879e10f46682990de24d770e7f83d,53.9
422879e10f46682990de24d770e7f83d,53.9
422879e10f46682990de24d770e7f83d,49.0
422879e10f46682990de24d770e7f83d,49.0
422879e10f46682990de24d770e7f83d,49.0
422879e10f46682990de24d770e7f83d,59.9
422879e10f46682990de24d770e7f83d,49.0
422879e10f46682990de24d770e7f83d,53.9
422879e10f46682990de24d770e7f83d,49.0
422879e10f46682990de24d770e7f83d,59.9
422879e10f46682990de24d770e7f83d,59.9
422879e10f46682990de24d770e7f83d,59.9
422879e10f46682990de24d770e7f83d,49.9
422879e10f46682990de24d770e7f83d,59.0
422879e10f46682990de24d770e7f83d,53.9
422879e10f46682990de24d770e7f83d,59.9
422879e10f46682990de24d770e7f83d,49.9
422879e10f46682990de24d770e7f83d,49.0
422879e10f46682990de24d770e7f83d,53.9
422879e10f46682990de24d770e7f83d,53.9
422879e10f46682990de24d770e7f83d,49.9
422879e10f46682990de24d770e7f83d,53.9
422879e10f46682990de24d770e7f83d,53.9
422879e10f46682990de24d770e7f83d,53.9
422879e10f46682990de24d770e7f83d,59.9
422879e10f46682990de24d770e7f83d,53.9
422879e10f46682990de24d770e7f83d,59.9
422879e10f46682990de24d770e7f83d,49.9
422879e10f46682990de24d770e7f83d,49.9
422879e10f46682990de24d770e7f83d,59.9
422879e10f46682990de24d770e7f83d,49.9
422879e10f46682990de24d770e7f83d,53.9
422879e10f46682990de24d770e7f83d,59.9
422879e10f46682990de24d770e7f83d,53.9
422879e10f46682990de24d770e7f83d,49.91
422879e10f46682990de24d770e7f83d,49.91
422879e10f46682990de24d770e7f83d,59.9
422879e10f46682990de24d770e7f83d,53.9
422879e10f46682990de24d770e7f83d,49.9
422879e10f46682990de24d770e7f83d,53.9
422879e10f46682990de24d770e7f83d,53.9
422879e10f46682990de24d770e7f83d,49.9
422879e10f46682990de24d770e7f83d,53.9
422879e10f46682990de24d770e7f83d,53.9
422879e10f46682990de24d770e7f83d,59.9
422879e10f46682990de24d770e7f83d,53.9
422879e10f46682990de24d770e7f83d,49.0
422879e10f46682990de24d770e7f83d,53.9
422879e10f46682990de24d770e7f83d,53.9
422879e10f46682990de24d770e7f83d,49.9
422879e10f46682990de24d770e7f83d,59.0
422879e10f46682990de24d770e7f83d,49.0
422879e10f46682990de24d770e7f83d,49.0
422879e10f46682990de24d770e7f83d,49.0
422879e10f46682990de24d770e7f83d,49.0
422879e10f46682990de24d770e7f83d,59.9
422879e10f46682990de24d770e7f83d,59.0
422879e10f46682990de24d770e7f83d,59.9
422879e10f46682990de24d770e7f83d,53.9
422879e10f46682990de24d770e7f83d,53.9
422879e10f46682990de24d770e7f83d,53.9
422879e10f46682990de24d770e7f83d,53.9
422879e10f46682990de24d770e7f83d,59.9
422879e10f46682990de24d770e7f83d,49.9
422879e10f46682990de24d770e7f83d,53.9
422879e10f46682990de24d770e7f83d,53.9
422879e10f46682990de24d770e7f83d,53.9
422879e10f46682990de24d770e7f83d,53.9
422879e10f46682990de24d770e7f83d,49.9
422879e10f46682990de24d770e7f83d,59.9
422879e10f46682990de24d770e7f83d,59.9
422879e10f46682990de24d770e7f83d,53.9
422879e10f46682990de24d770e7f83d,53.9
422879e10f46682990de24d770e7f83d,59.9
422879e10f46682990de24d770e7f83d,59.9
422879e10f46682990de24d770e7f83d,59.9
422879e10f46682990de24d770e7f83d,53.9
422879e10f46682990de24d770e7f83d,53.9
422879e10f46682990de24d770e7f83d,53.9
422879e10f46682990de24d770e7f83d,49.0
422879e10f46682990de24d770e7f83d,49.0
422879e10f46682990de24d770e7f83d,59.9
422879e10f46682990de24d770e7f83d,59.9
422879e10f46682990de24d770e7f83d,59.9
422879e10f46682990de24d770e7f83d,59.9
422879e10f46682990de24d770e7f83d,49.9
422879e10f46682990de24d770e7f83d,53.9
422879e10f46682990de24d770e7f83d,53.9
422879e10f46682990de24d770e7f83d,53.9
422879e10f46682990de24d770e7f83d,59.0
422879e10f46682990de24d770e7f83d,59.9
422879e10f46682990de24d770e7f83d,53.9
422879e10f46682990de24d770e7f83d,49.9
422879e10f46682990de24d770e7f83d,49.9
422879e10f46682990de24d770e7f83d,53.9
422879e10f46682990de24d770e7f83d,59.9
422879e10f46682990de24d770e7f83d,59.9
422879e10f46682990de24d770e7f83d,49.0
422879e10f46682990de24d770e7f83d,59.9
422879e10f46682990de24d770e7f83d,59.9
422879e10f46682990de24d770e7f83d,59.9
422879e10f46682990de24d770e7f83d,59.9
422879e10f46682990de24d770e7f83d,53.9
422879e10f46682990de24d770e7f83d,53.9
422879e10f46682990de24d770e7f83d,53.9
422879e10f46682990de24d770e7f83d,49.0
422879e10f46682990de24d770e7f83d,49.0
422879e10f46682990de24d770e7f83d,59.9
422879e10f46682990de24d770e7f83d,59.9
422879e10f46682990de24d770e7f83d,59.9
422879e10f46682990de24d770e7f83d,59.9
422879e10f46682990de24d770e7f83d,53.9
422879e10f46682990de24d770e7f83d,49.9
422879e10f46682990de24d770e7f83d,49.9
422879e10f46682990de24d770e7f83d,49.9
422879e10f46682990de24d770e7f83d,49.9
422879e10f46682990de24d770e7f83d,49.9
422879e10f46682990de24d770e7f83d,49.9
422879e10f46682990de24d770e7f83d,49.9
422879e10f46682990de24d770e7f83d,59.9
422879e10f46682990de24d770e7f83d,53.9
422879e10f46682990de24d770e7f83d,59.9
422879e10f46682990de24d770e7f83d,49.0
422879e10f46682990de24d770e7f83d,59.9
422879e10f46682990de24d770e7f83d,59.9
422879e10f46682990de24d770e7f83d,59.9
422879e10f46682990de24d770e7f83d,59.9
422879e10f46682990de24d770e7f83d,59.9
422879e10f46682990de24d770e7f83d,59.0
422879e10f46682990de24d770e7f83d,59.9
422879e10f46682990de24d770e7f83d,53.9
422879e10f46682990de24d770e7f83d,49.9
422879e10f46682990de24d770e7f83d,49.91
422879e10f46682990de24d770e7f83d,53.9
422879e10f46682990de24d770e7f83d,49.9
422879e10f46682990de24d770e7f83d,59.9
422879e10f46682990de24d770e7f83d,59.9
422879e10f46682990de24d770e7f83d,59.9
422879e10f46682990de24d770e7f83d,59.9
422879e10f46682990de24d770e7f83d,49.9
422879e10f46682990de24d770e7f83d,59.9
422879e10f46682990de24d770e7f83d,59.9
422879e10f46682990de24d770e7f83d,53.9
422879e10f46682990de24d770e7f83d,59.9
422879e10f46682990de24d770e7f83d,59.9
